OAT,RowIndex,Index,masse,pa,masse_encrypted,pa_encrypted
-2.0,0,0,-40.0,2336.0,ffffa388,2b2508
-2.0,0,1,-39.0,2424.0,ffffa838,2cc188
-2.0,0,2,-38.0,2512.0,fffface8,2e5e08
-2.0,0,3,-37.0,2600.0,ffffb198,2ffa88
-2.0,0,4,-36.0,2688.0,ffffb648,319708
-2.0,0,5,-35.0,2775.0,ffffbaf8,332ed8
-2.0,0,6,-34.0,2863.0,ffffbfa8,34cb58
-2.0,0,7,-33.0,2951.0,ffffc458,3667d8
-2.0,0,8,-32.0,3039.0,ffffc908,380458
-2.0,0,9,-31.0,3127.0,ffffcdb8,39a0d8
-2.0,0,10,-30.0,3215.0,ffffd268,3b3d58
-2.0,0,11,-29.0,3302.0,ffffd718,3cd528
-2.0,0,12,-28.0,3390.0,ffffdbc8,3e71a8
-2.0,0,13,-27.0,3478.0,ffffe078,400e28
-2.0,0,14,-26.0,3566.0,ffffe528,41aaa8
-2.0,0,15,-25.0,3654.0,ffffe9d8,434728
-2.0,0,16,-24.0,3742.0,ffffee88,44e3a8
-2.0,0,17,-23.0,3830.0,fffff338,468028
-2.0,0,18,-22.0,3917.0,fffff7e8,4817f8
-2.0,0,19,-21.0,4005.0,fffffc98,49b478
-2.0,0,20,-20.0,4093.0,148,4b50f8
-2.0,0,21,-19.0,4187.0,5f8,4d0998
-2.0,0,22,-18.0,4282.0,aa8,4ec6e8
-2.0,0,23,-17.0,4377.0,f58,508438
-2.0,0,24,-16.0,4472.0,1408,524188
-2.0,0,25,-15.0,4567.0,18b8,53fed8
-2.0,0,26,-14.0,4662.0,1d68,55bc28
-2.0,0,27,-13.0,4757.0,2218,577978
-2.0,0,28,-12.0,4852.0,26c8,5936c8
-2.0,0,29,-11.0,4947.0,2b78,5af418
-2.0,0,30,-10.0,5043.0,3028,5cb618
-2.0,0,31,-9.0,5138.0,34d8,5e7368
-2.0,0,32,-8.0,5233.0,3988,6030b8
-2.0,0,33,-7.0,5328.0,3e38,61ee08
-2.0,0,34,-6.0,5423.0,42e8,63ab58
-2.0,0,35,-5.0,5518.0,4798,6568a8
-2.0,0,36,-4.0,5613.0,4c48,6725f8
-2.0,0,37,-3.0,5709.0,50f8,68e7f8
-2.0,0,38,-2.0,5804.0,55a8,6aa548
-2.0,0,39,-1.0,5899.0,5a58,6c6298
-2.0,0,40,0.0,5994.0,5f08,6e1fe8
-2.0,0,41,1.0,6090.0,63b8,6fe1e8
-2.0,0,42,2.0,6185.0,6868,719f38
-2.0,0,43,3.0,6280.0,6d18,735c88
-2.0,0,44,4.0,6375.0,71c8,7519d8
-2.0,0,45,5.0,6471.0,7678,76dbd8
-2.0,0,46,6.0,6566.0,7b28,789928
-2.0,0,47,7.0,6661.0,7fd8,7a5678
-2.0,0,48,8.0,6757.0,8488,7c1878
-2.0,0,49,9.0,6852.0,8938,7dd5c8
-2.0,0,50,10.0,6947.0,8de8,7f9318
-2.0,0,51,11.0,7043.0,9298,815518
-2.0,0,52,12.0,7138.0,9748,831268
-2.0,0,53,13.0,7234.0,9bf8,84d468
-2.0,0,54,14.0,7329.0,a0a8,8691b8
-2.0,0,55,15.0,7425.0,a558,8853b8
-2.0,0,56,16.0,7520.0,aa08,8a1108
-2.0,0,57,17.0,7615.0,aeb8,8bce58
-2.0,0,58,18.0,7711.0,b368,8d9058
-2.0,0,59,19.0,7806.0,b818,8f4da8
-2.0,0,60,20.0,7902.0,bcc8,910fa8
-2.0,0,61,21.0,7997.0,c178,92ccf8
-2.0,0,62,22.0,8093.0,c628,948ef8
-2.0,0,63,23.0,8189.0,cad8,9650f8
-2.0,0,64,24.0,8284.0,cf88,980e48
-2.0,0,65,25.0,8380.0,d438,99d048
-2.0,0,66,26.0,8475.0,d8e8,9b8d98
-2.0,0,67,27.0,8571.0,dd98,9d4f98
-2.0,0,68,28.0,8666.0,e248,9f0ce8
-2.0,0,69,29.0,8762.0,e6f8,a0cee8
-2.0,0,70,30.0,8858.0,eba8,a290e8
-2.0,0,71,31.0,8953.0,f058,a44e38
-2.0,0,72,32.0,9049.0,f508,a61038
-2.0,0,73,33.0,9145.0,f9b8,a7d238
-2.0,0,74,34.0,9240.0,fe68,a98f88
-2.0,0,75,35.0,9336.0,10318,ab5188
-2.0,0,76,36.0,9431.0,107c8,ad0ed8
-2.0,0,77,37.0,9527.0,10c78,aed0d8
-2.0,0,78,38.0,9623.0,11128,b092d8
-2.0,0,79,39.0,9719.0,115d8,b254d8
-2.0,0,80,40.0,9814.0,11a88,b41228
-2.0,0,81,41.0,9910.0,11f38,b5d428
-2.0,0,82,42.0,10006.0,123e8,b79628
-2.0,0,83,43.0,10102.0,12898,b95828
-2.0,0,84,44.0,10197.0,12d48,bb1578
-2.0,0,85,45.0,10293.0,131f8,bcd778
-2.0,0,86,46.0,10389.0,136a8,be9978
-2.0,0,87,47.0,10485.0,13b58,c05b78
-2.0,0,88,48.0,10366.0,14008,be2da8
-2.0,0,89,49.0,10150.0,144b8,ba3928
-2.0,0,90,50.0,9938.0,14968,b65768
-1.0,0,0,-40.0,1613.0,ffffa388,1de7f8
-1.0,0,1,-39.0,1697.0,ffffa838,1f71b8
-1.0,0,2,-38.0,1782.0,fffface8,210028
-1.0,0,3,-37.0,1867.0,ffffb198,228e98
-1.0,0,4,-36.0,1951.0,ffffb648,241858
-1.0,0,5,-35.0,2036.0,ffffbaf8,25a6c8
-1.0,0,6,-34.0,2121.0,ffffbfa8,273538
-1.0,0,7,-33.0,2205.0,ffffc458,28bef8
-1.0,0,8,-32.0,2290.0,ffffc908,2a4d68
-1.0,0,9,-31.0,2375.0,ffffcdb8,2bdbd8
-1.0,0,10,-30.0,2460.0,ffffd268,2d6a48
-1.0,0,11,-29.0,2544.0,ffffd718,2ef408
-1.0,0,12,-28.0,2629.0,ffffdbc8,308278
-1.0,0,13,-27.0,2714.0,ffffe078,3210e8
-1.0,0,14,-26.0,2799.0,ffffe528,339f58
-1.0,0,15,-25.0,2883.0,ffffe9d8,352918
-1.0,0,16,-24.0,2968.0,ffffee88,36b788
-1.0,0,17,-23.0,3053.0,fffff338,3845f8
-1.0,0,18,-22.0,3137.0,fffff7e8,39cfb8
-1.0,0,19,-21.0,3222.0,fffffc98,3b5e28
-1.0,0,20,-20.0,3307.0,148,3cec98
-1.0,0,21,-19.0,3392.0,5f8,3e7b08
-1.0,0,22,-18.0,3476.0,aa8,4004c8
-1.0,0,23,-17.0,3561.0,f58,419338
-1.0,0,24,-16.0,3646.0,1408,4321a8
-1.0,0,25,-15.0,3731.0,18b8,44b018
-1.0,0,26,-14.0,3815.0,1d68,4639d8
-1.0,0,27,-13.0,3900.0,2218,47c848
-1.0,0,28,-12.0,3985.0,26c8,4956b8
-1.0,0,29,-11.0,4069.0,2b78,4ae078
-1.0,0,30,-10.0,4158.0,3028,4c81a8
-1.0,0,31,-9.0,4250.0,34d8,4e30e8
-1.0,0,32,-8.0,4342.0,3988,4fe028
-1.0,0,33,-7.0,4433.0,3e38,518ab8
-1.0,0,34,-6.0,4525.0,42e8,5339f8
-1.0,0,35,-5.0,4617.0,4798,54e938
-1.0,0,36,-4.0,4708.0,4c48,5693c8
-1.0,0,37,-3.0,4800.0,50f8,584308
-1.0,0,38,-2.0,4892.0,55a8,59f248
-1.0,0,39,-1.0,4983.0,5a58,5b9cd8
-1.0,0,40,0.0,5075.0,5f08,5d4c18
-1.0,0,41,1.0,5167.0,63b8,5efb58
-1.0,0,42,2.0,5259.0,6868,60aa98
-1.0,0,43,3.0,5350.0,6d18,625528
-1.0,0,44,4.0,5442.0,71c8,640468
-1.0,0,45,5.0,5534.0,7678,65b3a8
-1.0,0,46,6.0,5626.0,7b28,6762e8
-1.0,0,47,7.0,5718.0,7fd8,691228
-1.0,0,48,8.0,5810.0,8488,6ac168
-1.0,0,49,9.0,5901.0,8938,6c6bf8
-1.0,0,50,10.0,5993.0,8de8,6e1b38
-1.0,0,51,11.0,6085.0,9298,6fca78
-1.0,0,52,12.0,6177.0,9748,7179b8
-1.0,0,53,13.0,6269.0,9bf8,7328f8
-1.0,0,54,14.0,6361.0,a0a8,74d838
-1.0,0,55,15.0,6453.0,a558,768778
-1.0,0,56,16.0,6545.0,aa08,7836b8
-1.0,0,57,17.0,6637.0,aeb8,79e5f8
-1.0,0,58,18.0,6729.0,b368,7b9538
-1.0,0,59,19.0,6821.0,b818,7d4478
-1.0,0,60,20.0,6913.0,bcc8,7ef3b8
-1.0,0,61,21.0,7005.0,c178,80a2f8
-1.0,0,62,22.0,7097.0,c628,825238
-1.0,0,63,23.0,7189.0,cad8,840178
-1.0,0,64,24.0,7281.0,cf88,85b0b8
-1.0,0,65,25.0,7373.0,d438,875ff8
-1.0,0,66,26.0,7465.0,d8e8,890f38
-1.0,0,67,27.0,7557.0,dd98,8abe78
-1.0,0,68,28.0,7649.0,e248,8c6db8
-1.0,0,69,29.0,7741.0,e6f8,8e1cf8
-1.0,0,70,30.0,7833.0,eba8,8fcc38
-1.0,0,71,31.0,7925.0,f058,917b78
-1.0,0,72,32.0,8018.0,f508,932f68
-1.0,0,73,33.0,8110.0,f9b8,94dea8
-1.0,0,74,34.0,8202.0,fe68,968de8
-1.0,0,75,35.0,8294.0,10318,983d28
-1.0,0,76,36.0,8386.0,107c8,99ec68
-1.0,0,77,37.0,8478.0,10c78,9b9ba8
-1.0,0,78,38.0,8571.0,11128,9d4f98
-1.0,0,79,39.0,8663.0,115d8,9efed8
-1.0,0,80,40.0,8755.0,11a88,a0ae18
-1.0,0,81,41.0,8847.0,11f38,a25d58
-1.0,0,82,42.0,8940.0,123e8,a41148
-1.0,0,83,43.0,9032.0,12898,a5c088
-1.0,0,84,44.0,9124.0,12d48,a76fc8
-1.0,0,85,45.0,9216.0,131f8,a91f08
-1.0,0,86,46.0,9309.0,136a8,aad2f8
-1.0,0,87,47.0,9401.0,13b58,ac8238
-1.0,0,88,48.0,9493.0,14008,ae3178
-1.0,0,89,49.0,9586.0,144b8,afe568
-1.0,0,90,50.0,9678.0,14968,b194a8
0.0,0,0,-40.0,919.0,ffffa388,1132d8
0.0,0,1,-39.0,1001.0,ffffa838,12b338
0.0,0,2,-38.0,1083.0,fffface8,143398
0.0,0,3,-37.0,1164.0,ffffb198,15af48
0.0,0,4,-36.0,1246.0,ffffb648,172fa8
0.0,0,5,-35.0,1328.0,ffffbaf8,18b008
0.0,0,6,-34.0,1409.0,ffffbfa8,1a2bb8
0.0,0,7,-33.0,1491.0,ffffc458,1bac18
0.0,0,8,-32.0,1573.0,ffffc908,1d2c78
0.0,0,9,-31.0,1655.0,ffffcdb8,1eacd8
0.0,0,10,-30.0,1736.0,ffffd268,202888
0.0,0,11,-29.0,1818.0,ffffd718,21a8e8
0.0,0,12,-28.0,1900.0,ffffdbc8,232948
0.0,0,13,-27.0,1982.0,ffffe078,24a9a8
0.0,0,14,-26.0,2063.0,ffffe528,262558
0.0,0,15,-25.0,2145.0,ffffe9d8,27a5b8
0.0,0,16,-24.0,2227.0,ffffee88,292618
0.0,0,17,-23.0,2309.0,fffff338,2aa678
0.0,0,18,-22.0,2390.0,fffff7e8,2c2228
0.0,0,19,-21.0,2472.0,fffffc98,2da288
0.0,0,20,-20.0,2554.0,148,2f22e8
0.0,0,21,-19.0,2635.0,5f8,309e98
0.0,0,22,-18.0,2717.0,aa8,321ef8
0.0,0,23,-17.0,2799.0,f58,339f58
0.0,0,24,-16.0,2881.0,1408,351fb8
0.0,0,25,-15.0,2962.0,18b8,369b68
0.0,0,26,-14.0,3044.0,1d68,381bc8
0.0,0,27,-13.0,3126.0,2218,399c28
0.0,0,28,-12.0,3208.0,26c8,3b1c88
0.0,0,29,-11.0,3289.0,2b78,3c9838
0.0,0,30,-10.0,3371.0,3028,3e1898
0.0,0,31,-9.0,3453.0,34d8,3f98f8
0.0,0,32,-8.0,3535.0,3988,411958
0.0,0,33,-7.0,3616.0,3e38,429508
0.0,0,34,-6.0,3698.0,42e8,441568
0.0,0,35,-5.0,3780.0,4798,4595c8
0.0,0,36,-4.0,3862.0,4c48,471628
0.0,0,37,-3.0,3944.0,50f8,489688
0.0,0,38,-2.0,4025.0,55a8,4a1238
0.0,0,39,-1.0,4107.0,5a58,4b9298
0.0,0,40,0.0,4196.0,5f08,4d33c8
0.0,0,41,1.0,4284.0,63b8,4ed048
0.0,0,42,2.0,4373.0,6868,507178
0.0,0,43,3.0,4461.0,6d18,520df8
0.0,0,44,4.0,4549.0,71c8,53aa78
0.0,0,45,5.0,4638.0,7678,554ba8
0.0,0,46,6.0,4726.0,7b28,56e828
0.0,0,47,7.0,4815.0,7fd8,588958
0.0,0,48,8.0,4903.0,8488,5a25d8
0.0,0,49,9.0,4992.0,8938,5bc708
0.0,0,50,10.0,5080.0,8de8,5d6388
0.0,0,51,11.0,5169.0,9298,5f04b8
0.0,0,52,12.0,5257.0,9748,60a138
0.0,0,53,13.0,5346.0,9bf8,624268
0.0,0,54,14.0,5435.0,a0a8,63e398
0.0,0,55,15.0,5523.0,a558,658018
0.0,0,56,16.0,5612.0,aa08,672148
0.0,0,57,17.0,5700.0,aeb8,68bdc8
0.0,0,58,18.0,5789.0,b368,6a5ef8
0.0,0,59,19.0,5878.0,b818,6c0028
0.0,0,60,20.0,5966.0,bcc8,6d9ca8
0.0,0,61,21.0,6055.0,c178,6f3dd8
0.0,0,62,22.0,6144.0,c628,70df08
0.0,0,63,23.0,6232.0,cad8,727b88
0.0,0,64,24.0,6321.0,cf88,741cb8
0.0,0,65,25.0,6410.0,d438,75bde8
0.0,0,66,26.0,6498.0,d8e8,775a68
0.0,0,67,27.0,6587.0,dd98,78fb98
0.0,0,68,28.0,6676.0,e248,7a9cc8
0.0,0,69,29.0,6765.0,e6f8,7c3df8
0.0,0,70,30.0,6853.0,eba8,7dda78
0.0,0,71,31.0,6942.0,f058,7f7ba8
0.0,0,72,32.0,7031.0,f508,811cd8
0.0,0,73,33.0,7120.0,f9b8,82be08
0.0,0,74,34.0,7208.0,fe68,845a88
0.0,0,75,35.0,7297.0,10318,85fbb8
0.0,0,76,36.0,7386.0,107c8,879ce8
0.0,0,77,37.0,7475.0,10c78,893e18
0.0,0,78,38.0,7564.0,11128,8adf48
0.0,0,79,39.0,7653.0,115d8,8c8078
0.0,0,80,40.0,7741.0,11a88,8e1cf8
0.0,0,81,41.0,7830.0,11f38,8fbe28
0.0,0,82,42.0,7919.0,123e8,915f58
0.0,0,83,43.0,8008.0,12898,930088
0.0,0,84,44.0,8097.0,12d48,94a1b8
0.0,0,85,45.0,8186.0,131f8,9642e8
0.0,0,86,46.0,8275.0,136a8,97e418
0.0,0,87,47.0,8364.0,13b58,998548
0.0,0,88,48.0,8453.0,14008,9b2678
0.0,0,89,49.0,8542.0,144b8,9cc7a8
0.0,0,90,50.0,8631.0,14968,9e68d8
1.0,0,0,-40.0,3092.0,ffffa388,38fcc8
1.0,0,1,-39.0,3183.0,ffffa838,3aa758
1.0,0,2,-38.0,3274.0,fffface8,3c51e8
1.0,0,3,-37.0,3365.0,ffffb198,3dfc78
1.0,0,4,-36.0,3456.0,ffffb648,3fa708
1.0,0,5,-35.0,3547.0,ffffbaf8,415198
1.0,0,6,-34.0,3638.0,ffffbfa8,42fc28
1.0,0,7,-33.0,3730.0,ffffc458,44ab68
1.0,0,8,-32.0,3821.0,ffffc908,4655f8
1.0,0,9,-31.0,3912.0,ffffcdb8,480088
1.0,0,10,-30.0,4003.0,ffffd268,49ab18
1.0,0,11,-29.0,4094.0,ffffd718,4b55a8
1.0,0,12,-28.0,4192.0,ffffdbc8,4d2108
1.0,0,13,-27.0,4290.0,ffffe078,4eec68
1.0,0,14,-26.0,4389.0,ffffe528,50bc78
1.0,0,15,-25.0,4487.0,ffffe9d8,5287d8
1.0,0,16,-24.0,4586.0,ffffee88,5457e8
1.0,0,17,-23.0,4684.0,fffff338,562348
1.0,0,18,-22.0,4783.0,fffff7e8,57f358
1.0,0,19,-21.0,4881.0,fffffc98,59beb8
1.0,0,20,-20.0,4980.0,148,5b8ec8
1.0,0,21,-19.0,5079.0,5f8,5d5ed8
1.0,0,22,-18.0,5177.0,aa8,5f2a38
1.0,0,23,-17.0,5276.0,f58,60fa48
1.0,0,24,-16.0,5375.0,1408,62ca58
1.0,0,25,-15.0,5473.0,18b8,6495b8
1.0,0,26,-14.0,5572.0,1d68,6665c8
1.0,0,27,-13.0,5671.0,2218,6835d8
1.0,0,28,-12.0,5769.0,26c8,6a0138
1.0,0,29,-11.0,5868.0,2b78,6bd148
1.0,0,30,-10.0,5967.0,3028,6da158
1.0,0,31,-9.0,6066.0,34d8,6f7168
1.0,0,32,-8.0,6164.0,3988,713cc8
1.0,0,33,-7.0,6263.0,3e38,730cd8
1.0,0,34,-6.0,6362.0,42e8,74dce8
1.0,0,35,-5.0,6461.0,4798,76acf8
1.0,0,36,-4.0,6560.0,4c48,787d08
1.0,0,37,-3.0,6659.0,50f8,7a4d18
1.0,0,38,-2.0,6757.0,55a8,7c1878
1.0,0,39,-1.0,6856.0,5a58,7de888
1.0,0,40,0.0,6955.0,5f08,7fb898
1.0,0,41,1.0,7054.0,63b8,8188a8
1.0,0,42,2.0,7153.0,6868,8358b8
1.0,0,43,3.0,7252.0,6d18,8528c8
1.0,0,44,4.0,7351.0,71c8,86f8d8
1.0,0,45,5.0,7450.0,7678,88c8e8
1.0,0,46,6.0,7549.0,7b28,8a98f8
1.0,0,47,7.0,7648.0,7fd8,8c6908
1.0,0,48,8.0,7747.0,8488,8e3918
1.0,0,49,9.0,7846.0,8938,900928
1.0,0,50,10.0,7945.0,8de8,91d938
1.0,0,51,11.0,8044.0,9298,93a948
1.0,0,52,12.0,8143.0,9748,957958
1.0,0,53,13.0,8242.0,9bf8,974968
1.0,0,54,14.0,8341.0,a0a8,991978
1.0,0,55,15.0,8440.0,a558,9ae988
1.0,0,56,16.0,8539.0,aa08,9cb998
1.0,0,57,17.0,8639.0,aeb8,9e8e58
1.0,0,58,18.0,8738.0,b368,a05e68
1.0,0,59,19.0,8837.0,b818,a22e78
1.0,0,60,20.0,8936.0,bcc8,a3fe88
1.0,0,61,21.0,9035.0,c178,a5ce98
1.0,0,62,22.0,9134.0,c628,a79ea8
1.0,0,63,23.0,9234.0,cad8,a97368
1.0,0,64,24.0,9333.0,cf88,ab4378
1.0,0,65,25.0,9432.0,d438,ad1388
1.0,0,66,26.0,9531.0,d8e8,aee398
1.0,0,67,27.0,9630.0,dd98,b0b3a8
1.0,0,68,28.0,9730.0,e248,b28868
1.0,0,69,29.0,9829.0,e6f8,b45878
1.0,0,70,30.0,9928.0,eba8,b62888
1.0,0,71,31.0,10027.0,f058,b7f898
1.0,0,72,32.0,10127.0,f508,b9cd58
1.0,0,73,33.0,10226.0,f9b8,bb9d68
1.0,0,74,34.0,10325.0,fe68,bd6d78
1.0,0,75,35.0,10425.0,10318,bf4238
1.0,0,76,36.0,10524.0,107c8,c11248
1.0,0,77,37.0,10623.0,10c78,c2e258
1.0,0,78,38.0,10723.0,11128,c4b718
1.0,0,79,39.0,10822.0,115d8,c68728
1.0,0,80,40.0,10922.0,11a88,c85be8
1.0,0,81,41.0,11021.0,11f38,ca2bf8
1.0,0,82,42.0,11120.0,123e8,cbfc08
1.0,0,83,43.0,11220.0,12898,cdd0c8
1.0,0,84,44.0,11081.0,12d48,cb4538
1.0,0,85,45.0,10861.0,131f8,c73df8
1.0,0,86,46.0,10652.0,136a8,c36a48
1.0,0,87,47.0,10438.0,13b58,bf7f28
1.0,0,88,48.0,10226.0,14008,bb9d68
1.0,0,89,48.0,10222.0,14008,bb8aa8
2.0,0,0,-40.0,3881.0,ffffa388,476f38
2.0,0,1,-39.0,3976.0,ffffa838,492c88
2.0,0,2,-38.0,4070.0,fffface8,4ae528
2.0,0,3,-37.0,4170.0,ffffb198,4cb9e8
2.0,0,4,-36.0,4272.0,ffffb648,4e9808
2.0,0,5,-35.0,4374.0,ffffbaf8,507628
2.0,0,6,-34.0,4476.0,ffffbfa8,525448
2.0,0,7,-33.0,4578.0,ffffc458,543268
2.0,0,8,-32.0,4681.0,ffffc908,561538
2.0,0,9,-31.0,4783.0,ffffcdb8,57f358
2.0,0,10,-30.0,4885.0,ffffd268,59d178
2.0,0,11,-29.0,4987.0,ffffd718,5baf98
2.0,0,12,-28.0,5090.0,ffffdbc8,5d9268
2.0,0,13,-27.0,5192.0,ffffe078,5f7088
2.0,0,14,-26.0,5294.0,ffffe528,614ea8
2.0,0,15,-25.0,5397.0,ffffe9d8,633178
2.0,0,16,-24.0,5499.0,ffffee88,650f98
2.0,0,17,-23.0,5601.0,fffff338,66edb8
2.0,0,18,-22.0,5704.0,fffff7e8,68d088
2.0,0,19,-21.0,5806.0,fffffc98,6aaea8
2.0,0,20,-20.0,5909.0,148,6c9178
2.0,0,21,-19.0,6011.0,5f8,6e6f98
2.0,0,22,-18.0,6113.0,aa8,704db8
2.0,0,23,-17.0,6216.0,f58,723088
2.0,0,24,-16.0,6318.0,1408,740ea8
2.0,0,25,-15.0,6421.0,18b8,75f178
2.0,0,26,-14.0,6523.0,1d68,77cf98
2.0,0,27,-13.0,6626.0,2218,79b268
2.0,0,28,-12.0,6728.0,26c8,7b9088
2.0,0,29,-11.0,6831.0,2b78,7d7358
2.0,0,30,-10.0,6934.0,3028,7f5628
2.0,0,31,-9.0,7036.0,34d8,813448
2.0,0,32,-8.0,7139.0,3988,831718
2.0,0,33,-7.0,7241.0,3e38,84f538
2.0,0,34,-6.0,7344.0,42e8,86d808
2.0,0,35,-5.0,7447.0,4798,88bad8
2.0,0,36,-4.0,7549.0,4c48,8a98f8
2.0,0,37,-3.0,7652.0,50f8,8c7bc8
2.0,0,38,-2.0,7755.0,55a8,8e5e98
2.0,0,39,-1.0,7857.0,5a58,903cb8
2.0,0,40,0.0,7960.0,5f08,921f88
2.0,0,41,1.0,8063.0,63b8,940258
2.0,0,42,2.0,8165.0,6868,95e078
2.0,0,43,3.0,8268.0,6d18,97c348
2.0,0,44,4.0,8371.0,71c8,99a618
2.0,0,45,5.0,8474.0,7678,9b88e8
2.0,0,46,6.0,8577.0,7b28,9d6bb8
2.0,0,47,7.0,8679.0,7fd8,9f49d8
2.0,0,48,8.0,8782.0,8488,a12ca8
2.0,0,49,9.0,8885.0,8938,a30f78
2.0,0,50,10.0,8988.0,8de8,a4f248
2.0,0,51,11.0,9091.0,9298,a6d518
2.0,0,52,12.0,9194.0,9748,a8b7e8
2.0,0,53,13.0,9297.0,9bf8,aa9ab8
2.0,0,54,14.0,9399.0,a0a8,ac78d8
2.0,0,55,15.0,9502.0,a558,ae5ba8
2.0,0,56,16.0,9605.0,aa08,b03e78
2.0,0,57,17.0,9708.0,aeb8,b22148
2.0,0,58,18.0,9811.0,b368,b40418
2.0,0,59,19.0,9914.0,b818,b5e6e8
2.0,0,60,20.0,10017.0,bcc8,b7c9b8
2.0,0,61,21.0,10120.0,c178,b9ac88
2.0,0,62,22.0,10223.0,c628,bb8f58
2.0,0,63,23.0,10326.0,cad8,bd7228
2.0,0,64,24.0,10429.0,cf88,bf54f8
2.0,0,65,25.0,10532.0,d438,c137c8
2.0,0,66,26.0,10635.0,d8e8,c31a98
2.0,0,67,27.0,10738.0,dd98,c4fd68
2.0,0,68,28.0,10841.0,e248,c6e038
2.0,0,69,29.0,10945.0,e6f8,c8c7b8
2.0,0,70,30.0,11048.0,eba8,caaa88
2.0,0,71,31.0,11151.0,f058,cc8d58
2.0,0,72,32.0,11254.0,f508,ce7028
2.0,0,73,33.0,11357.0,f9b8,d052f8
2.0,0,74,34.0,11460.0,fe68,d235c8
2.0,0,75,35.0,11563.0,10318,d41898
2.0,0,76,36.0,11667.0,107c8,d60018
2.0,0,77,37.0,11770.0,10c78,d7e2e8
2.0,0,78,38.0,11873.0,11128,d9c5b8
2.0,0,79,38.0,11925.0,11128,dab978
2.0,0,80,39.0,11916.0,115d8,da8f48
2.0,0,81,40.0,11725.0,11a88,d70ff8
2.0,0,82,41.0,11540.0,11f38,d3acc8
2.0,0,83,42.0,11352.0,123e8,d03b88
2.0,0,84,43.0,11164.0,12898,ccca48
2.0,0,85,44.0,10949.0,12d48,c8da78
2.0,0,86,45.0,10727.0,131f8,c4c9d8
2.0,0,87,46.0,10522.0,136a8,c108e8
2.0,0,88,46.0,10514.0,136a8,c0e368
3.0,0,0,-40.0,4755.0,ffffa388,577018
3.0,0,1,-39.0,4861.0,ffffa838,5960f8
3.0,0,2,-38.0,4967.0,fffface8,5b51d8
3.0,0,3,-37.0,5073.0,ffffb198,5d42b8
3.0,0,4,-36.0,5179.0,ffffb648,5f3398
3.0,0,5,-35.0,5285.0,ffffbaf8,612478
3.0,0,6,-34.0,5392.0,ffffbfa8,631a08
3.0,0,7,-33.0,5498.0,ffffc458,650ae8
3.0,0,8,-32.0,5604.0,ffffc908,66fbc8
3.0,0,9,-31.0,5710.0,ffffcdb8,68eca8
3.0,0,10,-30.0,5816.0,ffffd268,6add88
3.0,0,11,-29.0,5923.0,ffffd718,6cd318
3.0,0,12,-28.0,6029.0,ffffdbc8,6ec3f8
3.0,0,13,-27.0,6135.0,ffffe078,70b4d8
3.0,0,14,-26.0,6242.0,ffffe528,72aa68
3.0,0,15,-25.0,6348.0,ffffe9d8,749b48
3.0,0,16,-24.0,6454.0,ffffee88,768c28
3.0,0,17,-23.0,6561.0,fffff338,7881b8
3.0,0,18,-22.0,6667.0,fffff7e8,7a7298
3.0,0,19,-21.0,6773.0,fffffc98,7c6378
3.0,0,20,-20.0,6880.0,148,7e5908
3.0,0,21,-19.0,6986.0,5f8,8049e8
3.0,0,22,-18.0,7093.0,aa8,823f78
3.0,0,23,-17.0,7199.0,f58,843058
3.0,0,24,-16.0,7306.0,1408,8625e8
3.0,0,25,-15.0,7412.0,18b8,8816c8
3.0,0,26,-14.0,7519.0,1d68,8a0c58
3.0,0,27,-13.0,7625.0,2218,8bfd38
3.0,0,28,-12.0,7732.0,26c8,8df2c8
3.0,0,29,-11.0,7838.0,2b78,8fe3a8
3.0,0,30,-10.0,7945.0,3028,91d938
3.0,0,31,-9.0,8051.0,34d8,93ca18
3.0,0,32,-8.0,8158.0,3988,95bfa8
3.0,0,33,-7.0,8264.0,3e38,97b088
3.0,0,34,-6.0,8371.0,42e8,99a618
3.0,0,35,-5.0,8478.0,4798,9b9ba8
3.0,0,36,-4.0,8584.0,4c48,9d8c88
3.0,0,37,-3.0,8691.0,50f8,9f8218
3.0,0,38,-2.0,8798.0,55a8,a177a8
3.0,0,39,-1.0,8904.0,5a58,a36888
3.0,0,40,0.0,9011.0,5f08,a55e18
3.0,0,41,1.0,9118.0,63b8,a753a8
3.0,0,42,2.0,9225.0,6868,a94938
3.0,0,43,3.0,9331.0,6d18,ab3a18
3.0,0,44,4.0,9438.0,71c8,ad2fa8
3.0,0,45,5.0,9545.0,7678,af2538
3.0,0,46,6.0,9652.0,7b28,b11ac8
3.0,0,47,7.0,9758.0,7fd8,b30ba8
3.0,0,48,8.0,9865.0,8488,b50138
3.0,0,49,9.0,9972.0,8938,b6f6c8
3.0,0,50,10.0,10079.0,8de8,b8ec58
3.0,0,51,11.0,10186.0,9298,bae1e8
3.0,0,52,12.0,10293.0,9748,bcd778
3.0,0,53,13.0,10399.0,9bf8,bec858
3.0,0,54,14.0,10506.0,a0a8,c0bde8
3.0,0,55,15.0,10613.0,a558,c2b378
3.0,0,56,16.0,10720.0,aa08,c4a908
3.0,0,57,17.0,10827.0,aeb8,c69e98
3.0,0,58,18.0,10934.0,b368,c89428
3.0,0,59,19.0,11041.0,b818,ca89b8
3.0,0,60,20.0,11148.0,bcc8,cc7f48
3.0,0,61,21.0,11255.0,c178,ce74d8
3.0,0,62,22.0,11362.0,c628,d06a68
3.0,0,63,23.0,11469.0,cad8,d25ff8
3.0,0,64,24.0,11576.0,cf88,d45588
3.0,0,65,25.0,11683.0,d438,d64b18
3.0,0,66,26.0,11790.0,d8e8,d840a8
3.0,0,67,27.0,11897.0,dd98,da3638
3.0,0,68,28.0,12004.0,e248,dc2bc8
3.0,0,69,29.0,12111.0,e6f8,de2158
3.0,0,70,30.0,12219.0,eba8,e01b98
3.0,0,71,31.0,12326.0,f058,e21128
3.0,0,72,32.0,12433.0,f508,e406b8
3.0,0,73,33.0,12540.0,f9b8,e5fc48
3.0,0,74,34.0,12647.0,fe68,e7f1d8
3.0,0,75,35.0,12579.0,10318,e6b318
3.0,0,76,36.0,12387.0,107c8,e32f18
3.0,0,77,37.0,12193.0,10c78,dfa1b8
3.0,0,78,38.0,11998.0,11128,dc0fa8
3.0,0,79,39.0,11801.0,115d8,d87438
3.0,0,80,40.0,11611.0,11a88,d4f998
3.0,0,81,41.0,11425.0,11f38,d191b8
3.0,0,82,42.0,11241.0,123e8,ce3338
3.0,0,83,43.0,11043.0,12898,ca9318
3.0,0,84,44.0,10827.0,12d48,c69e98
3.0,0,85,44.0,10814.0,12d48,c661a8
4.0,0,0,-40.0,5688.0,ffffa388,688588
4.0,0,1,-39.0,5798.0,ffffa838,6a8928
4.0,0,2,-38.0,5908.0,fffface8,6c8cc8
4.0,0,3,-37.0,6019.0,ffffb198,6e9518
4.0,0,4,-36.0,6129.0,ffffb648,7098b8
4.0,0,5,-35.0,6239.0,ffffbaf8,729c58
4.0,0,6,-34.0,6350.0,ffffbfa8,74a4a8
4.0,0,7,-33.0,6460.0,ffffc458,76a848
4.0,0,8,-32.0,6570.0,ffffc908,78abe8
4.0,0,9,-31.0,6681.0,ffffcdb8,7ab438
4.0,0,10,-30.0,6791.0,ffffd268,7cb7d8
4.0,0,11,-29.0,6901.0,ffffd718,7ebb78
4.0,0,12,-28.0,7012.0,ffffdbc8,80c3c8
4.0,0,13,-27.0,7122.0,ffffe078,82c768
4.0,0,14,-26.0,7233.0,ffffe528,84cfb8
4.0,0,15,-25.0,7343.0,ffffe9d8,86d358
4.0,0,16,-24.0,7454.0,ffffee88,88dba8
4.0,0,17,-23.0,7564.0,fffff338,8adf48
4.0,0,18,-22.0,7675.0,fffff7e8,8ce798
4.0,0,19,-21.0,7785.0,fffffc98,8eeb38
4.0,0,20,-20.0,7896.0,148,90f388
4.0,0,21,-19.0,8007.0,5f8,92fbd8
4.0,0,22,-18.0,8117.0,aa8,94ff78
4.0,0,23,-17.0,8228.0,f58,9707c8
4.0,0,24,-16.0,8338.0,1408,990b68
4.0,0,25,-15.0,8449.0,18b8,9b13b8
4.0,0,26,-14.0,8560.0,1d68,9d1c08
4.0,0,27,-13.0,8670.0,2218,9f1fa8
4.0,0,28,-12.0,8781.0,26c8,a127f8
4.0,0,29,-11.0,8892.0,2b78,a33048
4.0,0,30,-10.0,9003.0,3028,a53898
4.0,0,31,-9.0,9113.0,34d8,a73c38
4.0,0,32,-8.0,9224.0,3988,a94488
4.0,0,33,-7.0,9335.0,3e38,ab4cd8
4.0,0,34,-6.0,9446.0,42e8,ad5528
4.0,0,35,-5.0,9556.0,4798,af58c8
4.0,0,36,-4.0,9667.0,4c48,b16118
4.0,0,37,-3.0,9778.0,50f8,b36968
4.0,0,38,-2.0,9889.0,55a8,b571b8
4.0,0,39,-1.0,10000.0,5a58,b77a08
4.0,0,40,0.0,10111.0,5f08,b98258
4.0,0,41,1.0,10222.0,63b8,bb8aa8
4.0,0,42,2.0,10333.0,6868,bd92f8
4.0,0,43,3.0,10443.0,6d18,bf9698
4.0,0,44,4.0,10554.0,71c8,c19ee8
4.0,0,45,5.0,10665.0,7678,c3a738
4.0,0,46,6.0,10776.0,7b28,c5af88
4.0,0,47,7.0,10887.0,7fd8,c7b7d8
4.0,0,48,8.0,10998.0,8488,c9c028
4.0,0,49,9.0,11109.0,8938,cbc878
4.0,0,50,10.0,11220.0,8de8,cdd0c8
4.0,0,51,11.0,11331.0,9298,cfd918
4.0,0,52,12.0,11442.0,9748,d1e168
4.0,0,53,13.0,11554.0,9bf8,d3ee68
4.0,0,54,14.0,11665.0,a0a8,d5f6b8
4.0,0,55,15.0,11776.0,a558,d7ff08
4.0,0,56,16.0,11887.0,aa08,da0758
4.0,0,57,17.0,11998.0,aeb8,dc0fa8
4.0,0,58,18.0,12109.0,b368,de17f8
4.0,0,59,19.0,12220.0,b818,e02048
4.0,0,60,20.0,12331.0,bcc8,e22898
4.0,0,61,21.0,12442.0,c178,e430e8
4.0,0,62,22.0,12554.0,c628,e63de8
4.0,0,63,23.0,12665.0,cad8,e84638
4.0,0,64,24.0,12776.0,cf88,ea4e88
4.0,0,65,25.0,12887.0,d438,ec56d8
4.0,0,66,26.0,12999.0,d8e8,ee63d8
4.0,0,67,27.0,13110.0,dd98,f06c28
4.0,0,68,28.0,13221.0,e248,f27478
4.0,0,69,29.0,13332.0,e6f8,f47cc8
4.0,0,70,29.0,13388.0,e6f8,f58348
4.0,0,71,30.0,13438.0,eba8,f66da8
4.0,0,72,31.0,13237.0,f058,f2bf78
4.0,0,73,32.0,13039.0,f508,ef1f58
4.0,0,74,33.0,12843.0,f9b8,eb8898
4.0,0,75,34.0,12648.0,fe68,e7f688
4.0,0,76,35.0,12448.0,10318,e44d08
4.0,0,77,36.0,12257.0,107c8,e0cdb8
4.0,0,78,37.0,12063.0,10c78,dd4058
4.0,0,79,38.0,11868.0,11128,d9ae48
4.0,0,80,39.0,11671.0,115d8,d612d8
4.0,0,81,40.0,11477.0,11a88,d28578
4.0,0,82,41.0,11296.0,11f38,cf3508
4.0,0,83,42.0,11109.0,123e8,cbc878
4.0,0,84,42.0,11095.0,123e8,cb86d8
5.0,0,0,-40.0,6664.0,ffffa388,7a6488
5.0,0,1,-39.0,6779.0,ffffa838,7c7f98
5.0,0,2,-38.0,6894.0,fffface8,7e9aa8
5.0,0,3,-37.0,7008.0,ffffb198,80b108
5.0,0,4,-36.0,7123.0,ffffb648,82cc18
5.0,0,5,-35.0,7238.0,ffffbaf8,84e728
5.0,0,6,-34.0,7352.0,ffffbfa8,86fd88
5.0,0,7,-33.0,7467.0,ffffc458,891898
5.0,0,8,-32.0,7582.0,ffffc908,8b33a8
5.0,0,9,-31.0,7696.0,ffffcdb8,8d4a08
5.0,0,10,-30.0,7811.0,ffffd268,8f6518
5.0,0,11,-29.0,7926.0,ffffd718,918028
5.0,0,12,-28.0,8041.0,ffffdbc8,939b38
5.0,0,13,-27.0,8156.0,ffffe078,95b648
5.0,0,14,-26.0,8270.0,ffffe528,97cca8
5.0,0,15,-25.0,8385.0,ffffe9d8,99e7b8
5.0,0,16,-24.0,8500.0,ffffee88,9c02c8
5.0,0,17,-23.0,8615.0,fffff338,9e1dd8
5.0,0,18,-22.0,8730.0,fffff7e8,a038e8
5.0,0,19,-21.0,8845.0,fffffc98,a253f8
5.0,0,20,-20.0,8960.0,148,a46f08
5.0,0,21,-19.0,9075.0,5f8,a68a18
5.0,0,22,-18.0,9190.0,aa8,a8a528
5.0,0,23,-17.0,9305.0,f58,aac038
5.0,0,24,-16.0,9420.0,1408,acdb48
5.0,0,25,-15.0,9535.0,18b8,aef658
5.0,0,26,-14.0,9650.0,1d68,b11168
5.0,0,27,-13.0,9765.0,2218,b32c78
5.0,0,28,-12.0,9880.0,26c8,b54788
5.0,0,29,-11.0,9995.0,2b78,b76298
5.0,0,30,-10.0,10110.0,3028,b97da8
5.0,0,31,-9.0,10225.0,34d8,bb98b8
5.0,0,32,-8.0,10340.0,3988,bdb3c8
5.0,0,33,-7.0,10455.0,3e38,bfced8
5.0,0,34,-6.0,10570.0,42e8,c1e9e8
5.0,0,35,-5.0,10686.0,4798,c409a8
5.0,0,36,-4.0,10801.0,4c48,c624b8
5.0,0,37,-3.0,10916.0,50f8,c83fc8
5.0,0,38,-2.0,11031.0,55a8,ca5ad8
5.0,0,39,-1.0,11146.0,5a58,cc75e8
5.0,0,40,0.0,11262.0,5f08,ce95a8
5.0,0,41,1.0,11377.0,63b8,d0b0b8
5.0,0,42,2.0,11492.0,6868,d2cbc8
5.0,0,43,3.0,11608.0,6d18,d4eb88
5.0,0,44,4.0,11723.0,71c8,d70698
5.0,0,45,5.0,11838.0,7678,d921a8
5.0,0,46,6.0,11953.0,7b28,db3cb8
5.0,0,47,7.0,12069.0,7fd8,dd5c78
5.0,0,48,8.0,12184.0,8488,df7788
5.0,0,49,9.0,12300.0,8938,e19748
5.0,0,50,10.0,12415.0,8de8,e3b258
5.0,0,51,11.0,12530.0,9298,e5cd68
5.0,0,52,12.0,12646.0,9748,e7ed28
5.0,0,53,13.0,12761.0,9bf8,ea0838
5.0,0,54,14.0,12877.0,a0a8,ec27f8
5.0,0,55,15.0,12992.0,a558,ee4308
5.0,0,56,16.0,13108.0,aa08,f062c8
5.0,0,57,17.0,13223.0,aeb8,f27dd8
5.0,0,58,18.0,13339.0,b368,f49d98
5.0,0,59,19.0,13454.0,b818,f6b8a8
5.0,0,60,20.0,13570.0,bcc8,f8d868
5.0,0,61,21.0,13685.0,c178,faf378
5.0,0,62,22.0,13801.0,c628,fd1338
5.0,0,63,23.0,13916.0,cad8,ff2e48
5.0,0,64,24.0,14032.0,cf88,1014e08
5.0,0,65,24.0,14090.0,cf88,1025de8
5.0,0,66,25.0,14143.0,d438,1035658
5.0,0,67,26.0,14000.0,d8e8,100b808
5.0,0,68,27.0,13852.0,dd98,fe0248
5.0,0,69,28.0,13707.0,e248,fb5a98
5.0,0,70,29.0,13530.0,e6f8,f81ce8
5.0,0,71,30.0,13301.0,eba8,f3eb78
5.0,0,72,31.0,13108.0,f058,f062c8
5.0,0,73,32.0,12907.0,f508,ecb498
5.0,0,74,33.0,12710.0,f9b8,e91928
5.0,0,75,34.0,12512.0,fe68,e57908
5.0,0,76,35.0,12317.0,10318,e1e6f8
5.0,0,77,36.0,12120.0,107c8,de4b88
5.0,0,78,37.0,11920.0,10c78,daa208
5.0,0,79,38.0,11725.0,11128,d70ff8
5.0,0,80,39.0,11527.0,115d8,d36fd8
5.0,0,81,40.0,11333.0,11a88,cfe278
5.0,0,82,40.0,11316.0,11a88,cf92c8
6.0,0,0,-40.0,7687.0,ffffa388,8d1fd8
6.0,0,1,-39.0,7806.0,ffffa838,8f4da8
6.0,0,2,-38.0,7925.0,fffface8,917b78
6.0,0,3,-37.0,8044.0,ffffb198,93a948
6.0,0,4,-36.0,8164.0,ffffb648,95dbc8
6.0,0,5,-35.0,8283.0,ffffbaf8,980998
6.0,0,6,-34.0,8402.0,ffffbfa8,9a3768
6.0,0,7,-33.0,8521.0,ffffc458,9c6538
6.0,0,8,-32.0,8641.0,ffffc908,9e97b8
6.0,0,9,-31.0,8760.0,ffffcdb8,a0c588
6.0,0,10,-30.0,8879.0,ffffd268,a2f358
6.0,0,11,-29.0,8999.0,ffffd718,a525d8
6.0,0,12,-28.0,9118.0,ffffdbc8,a753a8
6.0,0,13,-27.0,9237.0,ffffe078,a98178
6.0,0,14,-26.0,9357.0,ffffe528,abb3f8
6.0,0,15,-25.0,9476.0,ffffe9d8,ade1c8
6.0,0,16,-24.0,9596.0,ffffee88,b01448
6.0,0,17,-23.0,9715.0,fffff338,b24218
6.0,0,18,-22.0,9834.0,fffff7e8,b46fe8
6.0,0,19,-21.0,9954.0,fffffc98,b6a268
6.0,0,20,-20.0,10073.0,148,b8d038
6.0,0,21,-19.0,10193.0,5f8,bb02b8
6.0,0,22,-18.0,10313.0,aa8,bd3538
6.0,0,23,-17.0,10432.0,f58,bf6308
6.0,0,24,-16.0,10552.0,1408,c19588
6.0,0,25,-15.0,10671.0,18b8,c3c358
6.0,0,26,-14.0,10791.0,1d68,c5f5d8
6.0,0,27,-13.0,10910.0,2218,c823a8
6.0,0,28,-12.0,11030.0,26c8,ca5628
6.0,0,29,-11.0,11150.0,2b78,cc88a8
6.0,0,30,-10.0,11269.0,3028,ceb678
6.0,0,31,-9.0,11389.0,34d8,d0e8f8
6.0,0,32,-8.0,11509.0,3988,d31b78
6.0,0,33,-7.0,11628.0,3e38,d54948
6.0,0,34,-6.0,11748.0,42e8,d77bc8
6.0,0,35,-5.0,11868.0,4798,d9ae48
6.0,0,36,-4.0,11988.0,4c48,dbe0c8
6.0,0,37,-3.0,12107.0,50f8,de0e98
6.0,0,38,-2.0,12227.0,55a8,e04118
6.0,0,39,-1.0,12347.0,5a58,e27398
6.0,0,40,0.0,12467.0,5f08,e4a618
6.0,0,41,1.0,12587.0,63b8,e6d898
6.0,0,42,2.0,12706.0,6868,e90668
6.0,0,43,3.0,12826.0,6d18,eb38e8
6.0,0,44,4.0,12946.0,71c8,ed6b68
6.0,0,45,5.0,13066.0,7678,ef9de8
6.0,0,46,6.0,13186.0,7b28,f1d068
6.0,0,47,7.0,13306.0,7fd8,f402e8
6.0,0,48,8.0,13426.0,8488,f63568
6.0,0,49,9.0,13546.0,8938,f867e8
6.0,0,50,10.0,13666.0,8de8,fa9a68
6.0,0,51,11.0,13786.0,9298,fccce8
6.0,0,52,12.0,13906.0,9748,feff68
6.0,0,53,13.0,14026.0,9bf8,10131e8
6.0,0,54,14.0,14146.0,a0a8,1036468
6.0,0,55,15.0,14266.0,a558,10596e8
6.0,0,56,16.0,14386.0,aa08,107c968
6.0,0,57,17.0,14506.0,aeb8,109fbe8
6.0,0,58,18.0,14626.0,b368,10c2e68
6.0,0,59,19.0,14746.0,b818,10e60e8
6.0,0,60,19.0,14806.0,b818,10f7a28
6.0,0,61,20.0,14768.0,bcc8,10ec808
6.0,0,62,21.0,14621.0,c178,10c16f8
6.0,0,63,22.0,14471.0,c628,10957d8
6.0,0,64,23.0,14328.0,cad8,106b988
6.0,0,65,24.0,14185.0,cf88,1041b38
6.0,0,66,25.0,14040.0,d438,1017388
6.0,0,67,26.0,13897.0,d8e8,fed538
6.0,0,68,27.0,13752.0,dd98,fc2d88
6.0,0,69,28.0,13605.0,e248,f97c78
6.0,0,70,29.0,13398.0,e6f8,f5b228
6.0,0,71,30.0,13172.0,eba8,f18ec8
6.0,0,72,31.0,12972.0,f058,ede548
6.0,0,73,32.0,12774.0,f508,ea4528
6.0,0,74,33.0,12574.0,f9b8,e69ba8
6.0,0,75,34.0,12371.0,fe68,e2e418
6.0,0,76,35.0,12175.0,10318,df4d58
6.0,0,77,36.0,11976.0,107c8,dba888
6.0,0,78,37.0,11778.0,10c78,d80868
6.0,0,79,38.0,11581.0,11128,d46cf8
6.0,0,80,38.0,11558.0,11128,d40128
7.0,0,0,-40.0,8758.0,ffffa388,a0bc28
7.0,0,1,-39.0,8882.0,ffffa838,a30168
7.0,0,2,-38.0,9006.0,fffface8,a546a8
7.0,0,3,-37.0,9130.0,ffffb198,a78be8
7.0,0,4,-36.0,9254.0,ffffb648,a9d128
7.0,0,5,-35.0,9378.0,ffffbaf8,ac1668
7.0,0,6,-34.0,9502.0,ffffbfa8,ae5ba8
7.0,0,7,-33.0,9626.0,ffffc458,b0a0e8
7.0,0,8,-32.0,9750.0,ffffc908,b2e628
7.0,0,9,-31.0,9874.0,ffffcdb8,b52b68
7.0,0,10,-30.0,9998.0,ffffd268,b770a8
7.0,0,11,-29.0,10122.0,ffffd718,b9b5e8
7.0,0,12,-28.0,10246.0,ffffdbc8,bbfb28
7.0,0,13,-27.0,10370.0,ffffe078,be4068
7.0,0,14,-26.0,10494.0,ffffe528,c085a8
7.0,0,15,-25.0,10619.0,ffffe9d8,c2cf98
7.0,0,16,-24.0,10743.0,ffffee88,c514d8
7.0,0,17,-23.0,10867.0,fffff338,c75a18
7.0,0,18,-22.0,10991.0,fffff7e8,c99f58
7.0,0,19,-21.0,11116.0,fffffc98,cbe948
7.0,0,20,-20.0,11240.0,148,ce2e88
7.0,0,21,-19.0,11364.0,5f8,d073c8
7.0,0,22,-18.0,11488.0,aa8,d2b908
7.0,0,23,-17.0,11613.0,f58,d502f8
7.0,0,24,-16.0,11737.0,1408,d74838
7.0,0,25,-15.0,11861.0,18b8,d98d78
7.0,0,26,-14.0,11986.0,1d68,dbd768
7.0,0,27,-13.0,12110.0,2218,de1ca8
7.0,0,28,-12.0,12235.0,26c8,e06698
7.0,0,29,-11.0,12359.0,2b78,e2abd8
7.0,0,30,-10.0,12483.0,3028,e4f118
7.0,0,31,-9.0,12608.0,34d8,e73b08
7.0,0,32,-8.0,12732.0,3988,e98048
7.0,0,33,-7.0,12857.0,3e38,ebca38
7.0,0,34,-6.0,12981.0,42e8,ee0f78
7.0,0,35,-5.0,13106.0,4798,f05968
7.0,0,36,-4.0,13230.0,4c48,f29ea8
7.0,0,37,-3.0,13355.0,50f8,f4e898
7.0,0,38,-2.0,13479.0,55a8,f72dd8
7.0,0,39,-1.0,13604.0,5a58,f977c8
7.0,0,40,0.0,13729.0,5f08,fbc1b8
7.0,0,41,1.0,13853.0,63b8,fe06f8
7.0,0,42,2.0,13978.0,6868,10050e8
7.0,0,43,3.0,14102.0,6d18,1029628
7.0,0,44,4.0,14227.0,71c8,104e018
7.0,0,45,5.0,14352.0,7678,1072a08
7.0,0,46,6.0,14476.0,7b28,1096f48
7.0,0,47,7.0,14601.0,7fd8,10bb938
7.0,0,48,8.0,14726.0,8488,10e0328
7.0,0,49,9.0,14851.0,8938,1104d18
7.0,0,50,10.0,14975.0,8de8,1129258
7.0,0,51,11.0,15100.0,9298,114dc48
7.0,0,52,12.0,15225.0,9748,1172638
7.0,0,53,13.0,15350.0,9bf8,1197028
7.0,0,54,14.0,15474.0,a0a8,11bb568
7.0,0,55,15.0,15374.0,a558,119e0a8
7.0,0,56,16.0,15231.0,aa08,1174258
7.0,0,57,17.0,15086.0,aeb8,1149aa8
7.0,0,58,18.0,14941.0,b368,111f2f8
7.0,0,59,19.0,14792.0,b818,10f3888
7.0,0,60,20.0,14641.0,bcc8,10c74b8
7.0,0,61,21.0,14494.0,c178,109c3a8
7.0,0,62,22.0,14345.0,c628,1070938
7.0,0,63,23.0,14199.0,cad8,1045cd8
7.0,0,64,24.0,14054.0,cf88,101b528
7.0,0,65,25.0,13910.0,d438,ff1228
7.0,0,66,26.0,13764.0,d8e8,fc65c8
7.0,0,67,27.0,13620.0,dd98,f9c2c8
7.0,0,68,28.0,13454.0,e248,f6b8a8
7.0,0,69,29.0,13231.0,e6f8,f2a358
7.0,0,70,30.0,13006.0,eba8,ee84a8
7.0,0,71,31.0,12806.0,f058,eadb28
7.0,0,72,32.0,12609.0,f508,e73fb8
7.0,0,73,33.0,12410.0,f9b8,e39ae8
7.0,0,74,34.0,12211.0,fe68,dff618
7.0,0,75,35.0,12008.0,10318,dc3e88
7.0,0,76,36.0,11813.0,107c8,d8ac78
7.0,0,77,36.0,11783.0,107c8,d81fd8
8.0,0,0,-40.0,9880.0,ffffa388,b54788
8.0,0,1,-39.0,10009.0,ffffa838,b7a438
8.0,0,2,-38.0,10138.0,fffface8,ba00e8
8.0,0,3,-37.0,10267.0,ffffb198,bc5d98
8.0,0,4,-36.0,10396.0,ffffb648,beba48
8.0,0,5,-35.0,10525.0,ffffbaf8,c116f8
8.0,0,6,-34.0,10654.0,ffffbfa8,c373a8
8.0,0,7,-33.0,10783.0,ffffc458,c5d058
8.0,0,8,-32.0,10912.0,ffffc908,c82d08
8.0,0,9,-31.0,11041.0,ffffcdb8,ca89b8
8.0,0,10,-30.0,11170.0,ffffd268,cce668
8.0,0,11,-29.0,11299.0,ffffd718,cf4318
8.0,0,12,-28.0,11428.0,ffffdbc8,d19fc8
8.0,0,13,-27.0,11557.0,ffffe078,d3fc78
8.0,0,14,-26.0,11686.0,ffffe528,d65928
8.0,0,15,-25.0,11816.0,ffffe9d8,d8ba88
8.0,0,16,-24.0,11945.0,ffffee88,db1738
8.0,0,17,-23.0,12074.0,fffff338,dd73e8
8.0,0,18,-22.0,12203.0,fffff7e8,dfd098
8.0,0,19,-21.0,12332.0,fffffc98,e22d48
8.0,0,20,-20.0,12462.0,148,e48ea8
8.0,0,21,-19.0,12591.0,5f8,e6eb58
8.0,0,22,-18.0,12720.0,aa8,e94808
8.0,0,23,-17.0,12850.0,f58,eba968
8.0,0,24,-16.0,12979.0,1408,ee0618
8.0,0,25,-15.0,13108.0,18b8,f062c8
8.0,0,26,-14.0,13238.0,1d68,f2c428
8.0,0,27,-13.0,13367.0,2218,f520d8
8.0,0,28,-12.0,13496.0,26c8,f77d88
8.0,0,29,-11.0,13626.0,2b78,f9dee8
8.0,0,30,-10.0,13755.0,3028,fc3b98
8.0,0,31,-9.0,13885.0,34d8,fe9cf8
8.0,0,32,-8.0,14014.0,3988,100f9a8
8.0,0,33,-7.0,14144.0,3e38,1035b08
8.0,0,34,-6.0,14273.0,42e8,105b7b8
8.0,0,35,-5.0,14403.0,4798,1081918
8.0,0,36,-4.0,14532.0,4c48,10a75c8
8.0,0,37,-3.0,14662.0,50f8,10cd728
8.0,0,38,-2.0,14791.0,55a8,10f33d8
8.0,0,39,-1.0,14921.0,5a58,1119538
8.0,0,40,0.0,15050.0,5f08,113f1e8
8.0,0,41,1.0,15180.0,63b8,1165348
8.0,0,42,2.0,15310.0,6868,118b4a8
8.0,0,43,3.0,15439.0,6d18,11b1158
8.0,0,44,4.0,15569.0,71c8,11d72b8
8.0,0,45,5.0,15699.0,7678,11fd418
8.0,0,46,6.0,15828.0,7b28,12230c8
8.0,0,47,7.0,15958.0,7fd8,1249228
8.0,0,48,8.0,16088.0,8488,126f388
8.0,0,49,8.0,16153.0,8488,1282438
8.0,0,50,9.0,16117.0,8938,1277b78
8.0,0,51,10.0,15954.0,8de8,1247f68
8.0,0,52,11.0,15812.0,9298,121e5c8
8.0,0,53,12.0,15669.0,9748,11f4778
8.0,0,54,13.0,15526.0,9bf8,11ca928
8.0,0,55,14.0,15378.0,a0a8,119f368
8.0,0,56,15.0,15230.0,a558,1173da8
8.0,0,57,16.0,15084.0,aa08,1149148
8.0,0,58,17.0,14937.0,aeb8,111e038
8.0,0,59,18.0,14784.0,b368,10f1308
8.0,0,60,19.0,14629.0,b818,10c3c78
8.0,0,61,20.0,14476.0,bcc8,1096f48
8.0,0,62,21.0,14330.0,c178,106c2e8
8.0,0,63,22.0,14183.0,c628,10411d8
8.0,0,64,23.0,14035.0,cad8,1015c18
8.0,0,65,24.0,13892.0,cf88,febdc8
8.0,0,66,25.0,13745.0,d438,fc0cb8
8.0,0,67,26.0,13599.0,d8e8,f96058
8.0,0,68,27.0,13454.0,dd98,f6b8a8
8.0,0,69,28.0,13254.0,e248,f30f28
8.0,0,70,29.0,13033.0,e6f8,ef0338
8.0,0,71,30.0,12813.0,eba8,eafbf8
8.0,0,72,31.0,12618.0,f058,e769e8
8.0,0,73,32.0,12416.0,f508,e3b708
8.0,0,74,33.0,12214.0,f9b8,e00428
8.0,0,75,34.0,12018.0,fe68,dc6d68
8.0,0,76,34.0,11986.0,fe68,dbd768
9.0,0,0,-40.0,11056.0,ffffa388,cad008
9.0,0,1,-39.0,11190.0,ffffa838,cd4428
9.0,0,2,-38.0,11324.0,fffface8,cfb848
9.0,0,3,-37.0,11458.0,ffffb198,d22c68
9.0,0,4,-36.0,11593.0,ffffb648,d4a538
9.0,0,5,-35.0,11727.0,ffffbaf8,d71958
9.0,0,6,-34.0,11861.0,ffffbfa8,d98d78
9.0,0,7,-33.0,11995.0,ffffc458,dc0198
9.0,0,8,-32.0,12129.0,ffffc908,de75b8
9.0,0,9,-31.0,12264.0,ffffcdb8,e0ee88
9.0,0,10,-30.0,12398.0,ffffd268,e362a8
9.0,0,11,-29.0,12532.0,ffffd718,e5d6c8
9.0,0,12,-28.0,12667.0,ffffdbc8,e84f98
9.0,0,13,-27.0,12801.0,ffffe078,eac3b8
9.0,0,14,-26.0,12935.0,ffffe528,ed37d8
9.0,0,15,-25.0,13070.0,ffffe9d8,efb0a8
9.0,0,16,-24.0,13204.0,ffffee88,f224c8
9.0,0,17,-23.0,13339.0,fffff338,f49d98
9.0,0,18,-22.0,13473.0,fffff7e8,f711b8
9.0,0,19,-21.0,13608.0,fffffc98,f98a88
9.0,0,20,-20.0,13742.0,148,fbfea8
9.0,0,21,-19.0,13877.0,5f8,fe7778
9.0,0,22,-18.0,14011.0,aa8,100eb98
9.0,0,23,-17.0,14146.0,f58,1036468
9.0,0,24,-16.0,14280.0,1408,105d888
9.0,0,25,-15.0,14415.0,18b8,1085158
9.0,0,26,-14.0,14549.0,1d68,10ac578
9.0,0,27,-13.0,14684.0,2218,10d3e48
9.0,0,28,-12.0,14819.0,26c8,10fb718
9.0,0,29,-11.0,14953.0,2b78,1122b38
9.0,0,30,-10.0,15088.0,3028,114a408
9.0,0,31,-9.0,15223.0,34d8,1171cd8
9.0,0,32,-8.0,15357.0,3988,11990f8
9.0,0,33,-7.0,15492.0,3e38,11c09c8
9.0,0,34,-6.0,15627.0,42e8,11e8298
9.0,0,35,-5.0,15762.0,4798,120fb68
9.0,0,36,-4.0,15896.0,4c48,1236f88
9.0,0,37,-3.0,16031.0,50f8,125e858
9.0,0,38,-2.0,16166.0,55a8,1286128
9.0,0,39,-1.0,16301.0,5a58,12ad9f8
9.0,0,40,0.0,16436.0,5f08,12d52c8
9.0,0,41,1.0,16571.0,63b8,12fcb98
9.0,0,42,2.0,16705.0,6868,1323fb8
9.0,0,43,2.0,16773.0,6868,1337e78
9.0,0,44,3.0,16782.0,6d18,133a8a8
9.0,0,45,4.0,16717.0,71c8,13277f8
9.0,0,46,5.0,16627.0,7678,130d218
9.0,0,47,6.0,16470.0,7b28,12df228
9.0,0,48,7.0,16313.0,7fd8,12b1238
9.0,0,49,8.0,16153.0,8488,1282438
9.0,0,50,9.0,15987.0,8938,1251a18
9.0,0,51,10.0,15822.0,8de8,12214a8
9.0,0,52,11.0,15678.0,9298,11f71a8
9.0,0,53,12.0,15529.0,9748,11cb738
9.0,0,54,13.0,15384.0,9bf8,11a0f88
9.0,0,55,14.0,15233.0,a0a8,1174bb8
9.0,0,56,15.0,15085.0,a558,11495f8
9.0,0,57,16.0,14936.0,aa08,111db88
9.0,0,58,17.0,14783.0,aeb8,10f0e58
9.0,0,59,18.0,14632.0,b368,10c4a88
9.0,0,60,19.0,14475.0,b818,1096a98
9.0,0,61,20.0,14322.0,bcc8,1069d68
9.0,0,62,21.0,14177.0,c178,103f5b8
9.0,0,63,22.0,14024.0,c628,1012888
9.0,0,64,23.0,13876.0,cad8,fe72c8
9.0,0,65,24.0,13731.0,cf88,fbcb18
9.0,0,66,25.0,13588.0,d438,f92cc8
9.0,0,67,26.0,13445.0,d8e8,f68e78
9.0,0,68,27.0,13277.0,dd98,f37af8
9.0,0,69,28.0,13061.0,e248,ef8678
9.0,0,70,29.0,12845.0,e6f8,eb91f8
9.0,0,71,30.0,12630.0,eba8,e7a228
9.0,0,72,31.0,12433.0,f058,e406b8
9.0,0,73,32.0,12233.0,f508,e05d38
9.0,0,74,32.0,12200.0,f508,dfc288
10.0,0,0,-40.0,11698.0,ffffa388,d69168
10.0,0,1,-39.0,11890.0,ffffa838,da1568
10.0,0,2,-38.0,12085.0,fffface8,dda778
10.0,0,3,-37.0,12280.0,ffffb198,e13988
10.0,0,4,-36.0,12475.0,ffffb648,e4cb98
10.0,0,5,-35.0,12671.0,ffffbaf8,e86258
10.0,0,6,-34.0,12867.0,ffffbfa8,ebf918
10.0,0,7,-33.0,13063.0,ffffc458,ef8fd8
10.0,0,8,-32.0,13264.0,ffffc908,f33e08
10.0,0,9,-31.0,13458.0,ffffcdb8,f6cb68
10.0,0,10,-30.0,13658.0,ffffd268,fa74e8
10.0,0,11,-29.0,13825.0,ffffd718,fd83b8
10.0,0,12,-28.0,13965.0,ffffdbc8,10013f8
10.0,0,13,-27.0,14105.0,ffffe078,102a438
10.0,0,14,-26.0,14245.0,ffffe528,1053478
10.0,0,15,-25.0,14385.0,ffffe9d8,107c4b8
10.0,0,16,-24.0,14525.0,ffffee88,10a54f8
10.0,0,17,-23.0,14665.0,fffff338,10ce538
10.0,0,18,-22.0,14805.0,fffff7e8,10f7578
10.0,0,19,-21.0,14945.0,fffffc98,11205b8
10.0,0,20,-20.0,15084.0,148,1149148
10.0,0,21,-19.0,15224.0,5f8,1172188
10.0,0,22,-18.0,15364.0,aa8,119b1c8
10.0,0,23,-17.0,15505.0,f58,11c46b8
10.0,0,24,-16.0,15645.0,1408,11ed6f8
10.0,0,25,-15.0,15785.0,18b8,1216738
10.0,0,26,-14.0,15925.0,1d68,123f778
10.0,0,27,-13.0,16065.0,2218,12687b8
10.0,0,28,-12.0,16205.0,26c8,12917f8
10.0,0,29,-11.0,16345.0,2b78,12ba838
10.0,0,30,-10.0,16485.0,3028,12e3878
10.0,0,31,-9.0,16625.0,34d8,130c8b8
10.0,0,32,-8.0,16766.0,3988,1335da8
10.0,0,33,-7.0,16906.0,3e38,135ede8
10.0,0,34,-6.0,17046.0,42e8,1387e28
10.0,0,35,-5.0,17186.0,4798,13b0e68
10.0,0,36,-4.0,17215.0,4c48,13b9658
10.0,0,37,-3.0,17132.0,50f8,13a1148
10.0,0,38,-2.0,17058.0,55a8,138b668
10.0,0,39,-1.0,16984.0,5a58,1375b88
10.0,0,40,0.0,16904.0,5f08,135e488
10.0,0,41,1.0,16837.0,63b8,134aa78
10.0,0,42,2.0,16773.0,6868,1337e78
10.0,0,43,3.0,16705.0,6d18,1323fb8
10.0,0,44,4.0,16637.0,71c8,13100f8
10.0,0,45,5.0,16505.0,7678,12e9638
10.0,0,46,6.0,16348.0,7b28,12bb648
10.0,0,47,7.0,16186.0,7fd8,128bee8
10.0,0,48,8.0,16024.0,8488,125c788
10.0,0,49,9.0,15858.0,8938,122bd68
10.0,0,50,10.0,15689.0,8de8,11fa538
10.0,0,51,11.0,15543.0,9298,11cf8d8
10.0,0,52,12.0,15395.0,9748,11a4318
10.0,0,53,13.0,15246.0,9bf8,11788a8
10.0,0,54,14.0,15095.0,a0a8,114c4d8
10.0,0,55,15.0,14945.0,a558,11205b8
10.0,0,56,16.0,14796.0,aa08,10f4b48
10.0,0,57,17.0,14639.0,aeb8,10c6b58
10.0,0,58,18.0,14485.0,b368,1099978
10.0,0,59,19.0,14325.0,b818,106ab78
10.0,0,60,20.0,14173.0,bcc8,103e2f8
10.0,0,61,21.0,14024.0,c178,1012888
10.0,0,62,22.0,13875.0,c628,fe6e18
10.0,0,63,23.0,13728.0,cad8,fbbd08
10.0,0,64,24.0,13581.0,cf88,f90bf8
10.0,0,65,25.0,13433.0,d438,f65638
10.0,0,66,26.0,13289.0,d8e8,f3b338
10.0,0,67,27.0,13088.0,dd98,f00508
10.0,0,68,28.0,12874.0,e248,ec19e8
10.0,0,69,29.0,12663.0,e6f8,e83cd8
10.0,0,70,30.0,12451.0,eba8,e45b18
10.0,0,71,30.0,12412.0,eba8,e3a448
11.0,0,0,-40.0,11708.0,ffffa388,d6c048
11.0,0,1,-39.0,11902.0,ffffa838,da4da8
11.0,0,2,-38.0,12096.0,fffface8,dddb08
11.0,0,3,-37.0,12293.0,ffffb198,e17678
11.0,0,4,-36.0,12487.0,ffffb648,e503d8
11.0,0,5,-35.0,12683.0,ffffbaf8,e89a98
11.0,0,6,-34.0,12881.0,ffffbfa8,ec3ab8
11.0,0,7,-33.0,13077.0,ffffc458,efd178
11.0,0,8,-32.0,13276.0,ffffc908,f37648
11.0,0,9,-31.0,13472.0,ffffcdb8,f70d08
11.0,0,10,-30.0,13670.0,ffffd268,faad28
11.0,0,11,-29.0,13871.0,ffffd718,fe5b58
11.0,0,12,-28.0,14072.0,ffffdbc8,1020988
11.0,0,13,-27.0,14275.0,ffffe078,105c118
11.0,0,14,-26.0,14476.0,ffffe528,1096f48
11.0,0,15,-25.0,14678.0,ffffe9d8,10d2228
11.0,0,16,-24.0,14881.0,ffffee88,110d9b8
11.0,0,17,-23.0,15084.0,fffff338,1149148
11.0,0,18,-22.0,15287.0,fffff7e8,11848d8
11.0,0,19,-21.0,15492.0,fffffc98,11c09c8
11.0,0,20,-20.0,15696.0,148,11fc608
11.0,0,21,-19.0,15911.0,5f8,123b5d8
11.0,0,22,-18.0,16126.0,aa8,127a5a8
11.0,0,23,-17.0,16342.0,f58,12b9a28
11.0,0,24,-16.0,16560.0,1408,12f9808
11.0,0,25,-15.0,16778.0,18b8,13395e8
11.0,0,26,-14.0,16999.0,1d68,137a1d8
11.0,0,27,-13.0,17219.0,2218,13ba918
11.0,0,28,-12.0,17439.0,26c8,13fb058
11.0,0,29,-11.0,17660.0,2b78,143bc48
11.0,0,30,-10.0,17703.0,3028,14485d8
11.0,0,31,-9.0,17605.0,34d8,142ba78
11.0,0,32,-8.0,17510.0,3988,140fd28
11.0,0,33,-7.0,17407.0,3e38,13f1a58
11.0,0,34,-6.0,17305.0,42e8,13d3c38
11.0,0,35,-5.0,17204.0,4798,13b62c8
11.0,0,36,-4.0,17134.0,4c48,13a1aa8
11.0,0,37,-3.0,17057.0,50f8,138b1b8
11.0,0,38,-2.0,16982.0,55a8,1375228
11.0,0,39,-1.0,16902.0,5a58,135db28
11.0,0,40,0.0,16825.0,5f08,1347238
11.0,0,41,1.0,16763.0,63b8,1334f98
11.0,0,42,2.0,16696.0,6868,1321588
11.0,0,43,3.0,16629.0,6d18,130db78
11.0,0,44,4.0,16561.0,71c8,12f9cb8
11.0,0,45,5.0,16393.0,7678,12c8938
11.0,0,46,6.0,16227.0,7b28,1297f18
11.0,0,47,7.0,16069.0,7fd8,1269a78
11.0,0,48,8.0,15900.0,8488,1238248
11.0,0,49,9.0,15731.0,8938,1206a18
11.0,0,50,10.0,15564.0,8de8,11d5b48
11.0,0,51,11.0,15414.0,9298,11a9c28
11.0,0,52,12.0,15268.0,9748,117efc8
11.0,0,53,13.0,15116.0,9bf8,1152748
11.0,0,54,14.0,14964.0,a0a8,1125ec8
11.0,0,55,15.0,14812.0,a558,10f9648
11.0,0,56,16.0,14659.0,aa08,10cc918
11.0,0,57,17.0,14501.0,aeb8,109e478
11.0,0,58,18.0,14342.0,b368,106fb28
11.0,0,59,19.0,14185.0,b818,1041b38
11.0,0,60,20.0,14033.0,bcc8,10152b8
11.0,0,61,21.0,13883.0,c178,fe9398
11.0,0,62,22.0,13726.0,c628,fbb3a8
11.0,0,63,23.0,13580.0,cad8,f90748
11.0,0,64,24.0,13433.0,cf88,f65638
11.0,0,65,25.0,13281.0,d438,f38db8
11.0,0,66,26.0,13118.0,d8e8,f091a8
11.0,0,67,27.0,12909.0,dd98,ecbdf8
11.0,0,68,28.0,12696.0,e248,e8d788
11.0,0,69,28.0,12652.0,e248,e80948
12.0,0,0,-40.0,11721.0,ffffa388,d6fd38
12.0,0,1,-39.0,11914.0,ffffa838,da85e8
12.0,0,2,-38.0,12110.0,fffface8,de1ca8
12.0,0,3,-37.0,12305.0,ffffb198,e1aeb8
12.0,0,4,-36.0,12501.0,ffffb648,e54578
12.0,0,5,-35.0,12696.0,ffffbaf8,e8d788
12.0,0,6,-34.0,12894.0,ffffbfa8,ec77a8
12.0,0,7,-33.0,13092.0,ffffc458,f017c8
12.0,0,8,-32.0,13289.0,ffffc908,f3b338
12.0,0,9,-31.0,13488.0,ffffcdb8,f75808
12.0,0,10,-30.0,13690.0,ffffd268,fb0ae8
12.0,0,11,-29.0,13887.0,ffffd718,fea658
12.0,0,12,-28.0,14089.0,ffffdbc8,1025938
12.0,0,13,-27.0,14291.0,ffffe078,1060c18
12.0,0,14,-26.0,14493.0,ffffe528,109bef8
12.0,0,15,-25.0,14696.0,ffffe9d8,10d7688
12.0,0,16,-24.0,14898.0,ffffee88,1112968
12.0,0,17,-23.0,15102.0,fffff338,114e5a8
12.0,0,18,-22.0,15306.0,fffff7e8,118a1e8
12.0,0,19,-21.0,15510.0,fffffc98,11c5e28
12.0,0,20,-20.0,15713.0,148,12015b8
12.0,0,21,-19.0,15927.0,5f8,12400d8
12.0,0,22,-18.0,16142.0,aa8,127f0a8
12.0,0,23,-17.0,16357.0,f58,12be078
12.0,0,24,-16.0,16574.0,1408,12fd9a8
12.0,0,25,-15.0,16793.0,18b8,133dc38
12.0,0,26,-14.0,17012.0,1d68,137dec8
12.0,0,27,-13.0,17230.0,2218,13bdca8
12.0,0,28,-12.0,17448.0,26c8,13fda88
12.0,0,29,-11.0,17667.0,2b78,143dd18
12.0,0,30,-10.0,17623.0,3028,1430ed8
12.0,0,31,-9.0,17527.0,34d8,1414cd8
12.0,0,32,-8.0,17433.0,3988,13f9438
12.0,0,33,-7.0,17334.0,3e38,13dc428
12.0,0,34,-6.0,17230.0,42e8,13bdca8
12.0,0,35,-5.0,17130.0,4798,13a07e8
12.0,0,36,-4.0,17056.0,4c48,138ad08
12.0,0,37,-3.0,16977.0,50f8,1373ab8
12.0,0,38,-2.0,16907.0,55a8,135f298
12.0,0,39,-1.0,16834.0,5a58,1349c68
12.0,0,40,0.0,16755.0,5f08,1332a18
12.0,0,41,1.0,16694.0,63b8,1320c28
12.0,0,42,2.0,16626.0,6868,130cd68
12.0,0,43,3.0,16558.0,6d18,12f8ea8
12.0,0,44,4.0,16467.0,71c8,12de418
12.0,0,45,5.0,16277.0,7678,12a6978
12.0,0,46,6.0,16113.0,7b28,12768b8
12.0,0,47,7.0,15952.0,7fd8,1247608
12.0,0,48,8.0,15781.0,8488,1215478
12.0,0,49,9.0,15612.0,8938,11e3c48
12.0,0,50,10.0,15444.0,8de8,11b28c8
12.0,0,51,11.0,15296.0,9298,1187308
12.0,0,52,12.0,15146.0,9748,115b3e8
12.0,0,53,13.0,14992.0,9bf8,112e208
12.0,0,54,14.0,14838.0,a0a8,1101028
12.0,0,55,15.0,14686.0,a558,10d47a8
12.0,0,56,16.0,14524.0,aa08,10a5048
12.0,0,57,17.0,14363.0,aeb8,1075d98
12.0,0,58,18.0,14201.0,b368,1046638
12.0,0,59,19.0,14045.0,b818,1018af8
12.0,0,60,20.0,13890.0,bcc8,feb468
12.0,0,61,21.0,13740.0,c178,fbf548
12.0,0,62,22.0,13583.0,c628,f91558
12.0,0,63,23.0,13436.0,cad8,f66448
12.0,0,64,24.0,13287.0,cf88,f3a9d8
12.0,0,65,25.0,13138.0,d438,f0ef68
12.0,0,66,26.0,12942.0,d8e8,ed58a8
12.0,0,67,26.0,12895.0,d8e8,ec7c58
13.0,0,0,-40.0,11734.0,ffffa388,d73a28
13.0,0,1,-39.0,11927.0,ffffa838,dac2d8
13.0,0,2,-38.0,12124.0,fffface8,de5e48
13.0,0,3,-37.0,12319.0,ffffb198,e1f058
13.0,0,4,-36.0,12514.0,ffffb648,e58268
13.0,0,5,-35.0,12711.0,ffffbaf8,e91dd8
13.0,0,6,-34.0,12908.0,ffffbfa8,ecb948
13.0,0,7,-33.0,13106.0,ffffc458,f05968
13.0,0,8,-32.0,13306.0,ffffc908,f402e8
13.0,0,9,-31.0,13504.0,ffffcdb8,f7a308
13.0,0,10,-30.0,13704.0,ffffd268,fb4c88
13.0,0,11,-29.0,13903.0,ffffd718,fef158
13.0,0,12,-28.0,14104.0,ffffdbc8,1029f88
13.0,0,13,-27.0,14305.0,ffffe078,1064db8
13.0,0,14,-26.0,14506.0,ffffe528,109fbe8
13.0,0,15,-25.0,14708.0,ffffe9d8,10daec8
13.0,0,16,-24.0,14911.0,ffffee88,1116658
13.0,0,17,-23.0,15113.0,fffff338,1151938
13.0,0,18,-22.0,15317.0,fffff7e8,118d578
13.0,0,19,-21.0,15521.0,fffffc98,11c91b8
13.0,0,20,-20.0,15722.0,148,1203fe8
13.0,0,21,-19.0,15936.0,5f8,1242b08
13.0,0,22,-18.0,16151.0,aa8,1281ad8
13.0,0,23,-17.0,16367.0,f58,12c0f58
13.0,0,24,-16.0,16585.0,1408,1300d38
13.0,0,25,-15.0,16804.0,18b8,1340fc8
13.0,0,26,-14.0,17022.0,1d68,1380da8
13.0,0,27,-13.0,17241.0,2218,13c1038
13.0,0,28,-12.0,17461.0,26c8,1401778
13.0,0,29,-11.0,17656.0,2b78,143a988
13.0,0,30,-10.0,17546.0,3028,141a5e8
13.0,0,31,-9.0,17439.0,34d8,13fb058
13.0,0,32,-8.0,17339.0,3988,13ddb98
13.0,0,33,-7.0,17241.0,3e38,13c1038
13.0,0,34,-6.0,17138.0,42e8,13a2d68
13.0,0,35,-5.0,17044.0,4798,13874c8
13.0,0,36,-4.0,16976.0,4c48,1373608
13.0,0,37,-3.0,16902.0,50f8,135db28
13.0,0,38,-2.0,16832.0,55a8,1349308
13.0,0,39,-1.0,16762.0,5a58,1334ae8
13.0,0,40,0.0,16692.0,5f08,13202c8
13.0,0,41,1.0,16624.0,63b8,130c408
13.0,0,42,2.0,16556.0,6868,12f8548
13.0,0,43,3.0,16488.0,6d18,12e4688
13.0,0,44,4.0,16362.0,71c8,12bf7e8
13.0,0,45,5.0,16178.0,7678,1289968
13.0,0,46,6.0,16010.0,7b28,12585e8
13.0,0,47,7.0,15838.0,7fd8,1225fa8
13.0,0,48,8.0,15672.0,8488,11f5588
13.0,0,49,9.0,15501.0,8938,11c33f8
13.0,0,50,10.0,15327.0,8de8,1190458
13.0,0,51,11.0,15179.0,9298,1164e98
13.0,0,52,12.0,15024.0,9748,1137808
13.0,0,53,13.0,14868.0,9bf8,1109cc8
13.0,0,54,14.0,14713.0,a0a8,10dc638
13.0,0,55,15.0,14556.0,a558,10ae648
13.0,0,56,16.0,14392.0,aa08,107e588
13.0,0,57,17.0,14227.0,aeb8,104e018
13.0,0,58,18.0,14066.0,b368,101ed68
13.0,0,59,19.0,13910.0,b818,ff1228
13.0,0,60,20.0,13755.0,bcc8,fc3b98
13.0,0,61,21.0,13600.0,c178,f96508
13.0,0,62,22.0,13458.0,c628,f6cb68
13.0,0,63,23.0,13305.0,cad8,f3fe38
13.0,0,64,24.0,13156.0,cf88,f143c8
13.0,0,65,24.0,13120.0,cf88,f09b08
14.0,0,0,-40.0,11747.0,ffffa388,d77718
14.0,0,1,-39.0,11942.0,ffffa838,db0928
14.0,0,2,-38.0,12137.0,fffface8,de9b38
14.0,0,3,-37.0,12331.0,ffffb198,e22898
14.0,0,4,-36.0,12527.0,ffffb648,e5bf58
14.0,0,5,-35.0,12723.0,ffffbaf8,e95618
14.0,0,6,-34.0,12919.0,ffffbfa8,ececd8
14.0,0,7,-33.0,13117.0,ffffc458,f08cf8
14.0,0,8,-32.0,13315.0,ffffc908,f42d18
14.0,0,9,-31.0,13513.0,ffffcdb8,f7cd38
14.0,0,10,-30.0,13712.0,ffffd268,fb7208
14.0,0,11,-29.0,13913.0,ffffd718,ff2038
14.0,0,12,-28.0,14112.0,ffffdbc8,102c508
14.0,0,13,-27.0,14314.0,ffffe078,10677e8
14.0,0,14,-26.0,14516.0,ffffe528,10a2ac8
14.0,0,15,-25.0,14718.0,ffffe9d8,10ddda8
14.0,0,16,-24.0,14921.0,ffffee88,1119538
14.0,0,17,-23.0,15124.0,fffff338,1154cc8
14.0,0,18,-22.0,15328.0,fffff7e8,1190908
14.0,0,19,-21.0,15531.0,fffffc98,11cc098
14.0,0,20,-20.0,15731.0,148,1206a18
14.0,0,21,-19.0,15946.0,5f8,12459e8
14.0,0,22,-18.0,16162.0,aa8,1284e68
14.0,0,23,-17.0,16378.0,f58,12c42e8
14.0,0,24,-16.0,16596.0,1408,13040c8
14.0,0,25,-15.0,16815.0,18b8,1344358
14.0,0,26,-14.0,17033.0,1d68,1384138
14.0,0,27,-13.0,17253.0,2218,13c4878
14.0,0,28,-12.0,17473.0,26c8,1404fb8
14.0,0,29,-11.0,17550.0,2b78,141b8a8
14.0,0,30,-10.0,17408.0,3028,13f1f08
14.0,0,31,-9.0,17315.0,34d8,13d6b18
14.0,0,32,-8.0,17221.0,3988,13bb278
14.0,0,33,-7.0,17125.0,3e38,139f078
14.0,0,34,-6.0,17029.0,42e8,1382e78
14.0,0,35,-5.0,16922.0,4798,13638e8
14.0,0,36,-4.0,16840.0,4c48,134b888
14.0,0,37,-3.0,16775.0,50f8,13387d8
14.0,0,38,-2.0,16699.0,55a8,1322398
14.0,0,39,-1.0,16629.0,5a58,130db78
14.0,0,40,0.0,16552.0,5f08,12f7288
14.0,0,41,1.0,16487.0,63b8,12e41d8
14.0,0,42,2.0,16420.0,6868,12d07c8
14.0,0,43,3.0,16337.0,6d18,12b82b8
14.0,0,44,4.0,16152.0,71c8,1281f88
14.0,0,45,5.0,15966.0,7678,124b7a8
14.0,0,46,6.0,15799.0,7b28,121a8d8
14.0,0,47,7.0,15635.0,7fd8,11ea818
14.0,0,48,8.0,15466.0,8488,11b8fe8
14.0,0,49,9.0,15295.0,8938,1186e58
14.0,0,50,10.0,15120.0,8de8,1153a08
14.0,0,51,11.0,14974.0,9298,1128da8
14.0,0,52,12.0,14820.0,9748,10fbbc8
14.0,0,53,13.0,14670.0,9bf8,10cfca8
14.0,0,54,14.0,14515.0,a0a8,10a2618
14.0,0,55,15.0,14352.0,a558,1072a08
14.0,0,56,16.0,14188.0,aa08,1042948
14.0,0,57,17.0,14020.0,aeb8,10115c8
14.0,0,58,18.0,13869.0,b368,fe51f8
14.0,0,59,19.0,13715.0,b818,fb8018
14.0,0,60,20.0,13562.0,bcc8,f8b2e8
14.0,0,61,21.0,13415.0,c178,f601d8
14.0,0,62,22.0,13273.0,c628,f36838
14.0,0,63,22.0,13232.0,c628,f2a808
15.0,0,0,-40.0,11778.0,ffffa388,d80868
15.0,0,1,-39.0,11972.0,ffffa838,db95c8
15.0,0,2,-38.0,12166.0,fffface8,df2328
15.0,0,3,-37.0,12361.0,ffffb198,e2b538
15.0,0,4,-36.0,12557.0,ffffb648,e64bf8
15.0,0,5,-35.0,12753.0,ffffbaf8,e9e2b8
15.0,0,6,-34.0,12950.0,ffffbfa8,ed7e28
15.0,0,7,-33.0,13148.0,ffffc458,f11e48
15.0,0,8,-32.0,13346.0,ffffc908,f4be68
15.0,0,9,-31.0,13545.0,ffffcdb8,f86338
15.0,0,10,-30.0,13744.0,ffffd268,fc0808
15.0,0,11,-29.0,13943.0,ffffd718,ffacd8
15.0,0,12,-28.0,14145.0,ffffdbc8,1035fb8
15.0,0,13,-27.0,14346.0,ffffe078,1070de8
15.0,0,14,-26.0,14548.0,ffffe528,10ac0c8
15.0,0,15,-25.0,14750.0,ffffe9d8,10e73a8
15.0,0,16,-24.0,14953.0,ffffee88,1122b38
15.0,0,17,-23.0,15156.0,fffff338,115e2c8
15.0,0,18,-22.0,15360.0,fffff7e8,1199f08
15.0,0,19,-21.0,15562.0,fffffc98,11d51e8
15.0,0,20,-20.0,15762.0,148,120fb68
15.0,0,21,-19.0,15977.0,5f8,124eb38
15.0,0,22,-18.0,16192.0,aa8,128db08
15.0,0,23,-17.0,16408.0,f58,12ccf88
15.0,0,24,-16.0,16625.0,1408,130c8b8
15.0,0,25,-15.0,16843.0,18b8,134c698
15.0,0,26,-14.0,17061.0,1d68,138c478
15.0,0,27,-13.0,17285.0,2218,13cde78
15.0,0,28,-12.0,17502.0,26c8,140d7a8
15.0,0,29,-11.0,17425.0,2b78,13f6eb8
15.0,0,30,-10.0,17278.0,3028,13cbda8
15.0,0,31,-9.0,17190.0,34d8,13b2128
15.0,0,32,-8.0,17104.0,3988,1398e08
15.0,0,33,-7.0,17015.0,3e38,137ecd8
15.0,0,34,-6.0,16921.0,42e8,1363438
15.0,0,35,-5.0,16809.0,4798,1342738
15.0,0,36,-4.0,16741.0,4c48,132e878
15.0,0,37,-3.0,16669.0,50f8,13196f8
15.0,0,38,-2.0,16600.0,55a8,1305388
15.0,0,39,-1.0,16528.0,5a58,12f0208
15.0,0,40,0.0,16453.0,5f08,12da278
15.0,0,41,1.0,16388.0,63b8,12c71c8
15.0,0,42,2.0,16321.0,6868,12b37b8
15.0,0,43,3.0,16165.0,6d18,1285c78
15.0,0,44,4.0,15977.0,71c8,124eb38
15.0,0,45,5.0,15786.0,7678,1216be8
15.0,0,46,6.0,15619.0,7b28,11e5d18
15.0,0,47,7.0,15452.0,7fd8,11b4e48
15.0,0,48,8.0,15278.0,8488,1181ea8
15.0,0,49,9.0,15106.0,8938,114f868
15.0,0,50,10.0,14929.0,8de8,111bab8
15.0,0,51,11.0,14778.0,9298,10ef6e8
15.0,0,52,12.0,14628.0,9748,10c37c8
15.0,0,53,13.0,14474.0,9bf8,10965e8
15.0,0,54,14.0,14313.0,a0a8,1067338
15.0,0,55,15.0,14150.0,a558,1037728
15.0,0,56,16.0,13985.0,aa08,10071b8
15.0,0,57,17.0,13828.0,aeb8,fd91c8
15.0,0,58,18.0,13675.0,b368,fac498
15.0,0,59,19.0,13520.0,b818,f7ee08
15.0,0,60,20.0,13367.0,bcc8,f520d8
15.0,0,61,20.0,13327.0,bcc8,f46558
16.0,0,0,-40.0,11824.0,ffffa388,d8e008
16.0,0,1,-39.0,12018.0,ffffa838,dc6d68
16.0,0,2,-38.0,12211.0,fffface8,dff618
16.0,0,3,-37.0,12407.0,ffffb198,e38cd8
16.0,0,4,-36.0,12603.0,ffffb648,e72398
16.0,0,5,-35.0,12801.0,ffffbaf8,eac3b8
16.0,0,6,-34.0,12998.0,ffffbfa8,ee5f28
16.0,0,7,-33.0,13197.0,ffffc458,f203f8
16.0,0,8,-32.0,13395.0,ffffc908,f5a418
16.0,0,9,-31.0,13594.0,ffffcdb8,f948e8
16.0,0,10,-30.0,13795.0,ffffd268,fcf718
16.0,0,11,-29.0,13995.0,ffffd718,100a098
16.0,0,12,-28.0,14197.0,ffffdbc8,1045378
16.0,0,13,-27.0,14399.0,ffffe078,1080658
16.0,0,14,-26.0,14601.0,ffffe528,10bb938
16.0,0,15,-25.0,14804.0,ffffe9d8,10f70c8
16.0,0,16,-24.0,15007.0,ffffee88,1132858
16.0,0,17,-23.0,15212.0,fffff338,116e948
16.0,0,18,-22.0,15416.0,fffff7e8,11aa588
16.0,0,19,-21.0,15617.0,fffffc98,11e53b8
16.0,0,20,-20.0,15817.0,148,121fd38
16.0,0,21,-19.0,16033.0,5f8,125f1b8
16.0,0,22,-18.0,16249.0,aa8,129e638
16.0,0,23,-17.0,16465.0,f58,12ddab8
16.0,0,24,-16.0,16685.0,1408,131e1f8
16.0,0,25,-15.0,16904.0,18b8,135e488
16.0,0,26,-14.0,17121.0,1d68,139ddb8
16.0,0,27,-13.0,17341.0,2218,13de4f8
16.0,0,28,-12.0,17465.0,26c8,1402a38
16.0,0,29,-11.0,17327.0,2b78,13da358
16.0,0,30,-10.0,17188.0,3028,13b17c8
16.0,0,31,-9.0,17101.0,34d8,1397ff8
16.0,0,32,-8.0,17020.0,3988,1380448
16.0,0,33,-7.0,16932.0,3e38,13667c8
16.0,0,34,-6.0,16836.0,42e8,134a5c8
16.0,0,35,-5.0,16729.0,4798,132b038
16.0,0,36,-4.0,16660.0,4c48,1316cc8
16.0,0,37,-3.0,16589.0,50f8,1301ff8
16.0,0,38,-2.0,16514.0,55a8,12ec068
16.0,0,39,-1.0,16440.0,5a58,12d6588
16.0,0,40,0.0,16369.0,5f08,12c18b8
16.0,0,41,1.0,16303.0,63b8,12ae358
16.0,0,42,2.0,16191.0,6868,128d658
16.0,0,43,3.0,16000.0,6d18,1255708
16.0,0,44,4.0,15809.0,71c8,121d7b8
16.0,0,45,5.0,15614.0,7678,11e45a8
16.0,0,46,6.0,15447.0,7b28,11b36d8
16.0,0,47,7.0,15276.0,7fd8,1181548
16.0,0,48,8.0,15104.0,8488,114ef08
16.0,0,49,9.0,14928.0,8938,111b608
16.0,0,50,10.0,14751.0,8de8,10e7858
16.0,0,51,11.0,14602.0,9298,10bbde8
16.0,0,52,12.0,14447.0,9748,108e758
16.0,0,53,13.0,14289.0,9bf8,10602b8
16.0,0,54,14.0,14125.0,a0a8,10301f8
16.0,0,55,15.0,13958.0,a558,fff328
16.0,0,56,16.0,13800.0,aa08,fd0e88
16.0,0,57,17.0,13645.0,aeb8,fa37f8
16.0,0,58,18.0,13489.0,b368,f75cb8
16.0,0,59,18.0,13443.0,b368,f68518
17.0,0,0,-40.0,11867.0,ffffa388,d9a998
17.0,0,1,-39.0,12063.0,ffffa838,dd4058
17.0,0,2,-38.0,12258.0,fffface8,e0d268
17.0,0,3,-37.0,12454.0,ffffb198,e46928
17.0,0,4,-36.0,12651.0,ffffb648,e80498
17.0,0,5,-35.0,12850.0,ffffbaf8,eba968
17.0,0,6,-34.0,13049.0,ffffbfa8,ef4e38
17.0,0,7,-33.0,13247.0,ffffc458,f2ee58
17.0,0,8,-32.0,13446.0,ffffc908,f69328
17.0,0,9,-31.0,13649.0,ffffcdb8,fa4ab8
17.0,0,10,-30.0,13846.0,ffffd268,fde628
17.0,0,11,-29.0,14047.0,ffffd718,1019458
17.0,0,12,-28.0,14251.0,ffffdbc8,1055098
17.0,0,13,-27.0,14453.0,ffffe078,1090378
17.0,0,14,-26.0,14656.0,ffffe528,10cbb08
17.0,0,15,-25.0,14860.0,ffffe9d8,1107748
17.0,0,16,-24.0,15064.0,ffffee88,1143388
17.0,0,17,-23.0,15269.0,fffff338,117f478
17.0,0,18,-22.0,15472.0,fffff7e8,11bac08
17.0,0,19,-21.0,15673.0,fffffc98,11f5a38
17.0,0,20,-20.0,15875.0,148,1230d18
17.0,0,21,-19.0,16091.0,5f8,1270198
17.0,0,22,-18.0,16307.0,aa8,12af618
17.0,0,23,-17.0,16524.0,f58,12eef48
17.0,0,24,-16.0,16745.0,1408,132fb38
17.0,0,25,-15.0,16965.0,18b8,1370278
17.0,0,26,-14.0,17185.0,1d68,13b09b8
17.0,0,27,-13.0,17407.0,2218,13f1a58
17.0,0,28,-12.0,17373.0,26c8,13e7af8
17.0,0,29,-11.0,17237.0,2b78,13bfd78
17.0,0,30,-10.0,17103.0,3028,1398958
17.0,0,31,-9.0,17025.0,34d8,1381bb8
17.0,0,32,-8.0,16943.0,3988,1369b58
17.0,0,33,-7.0,16859.0,3e38,1351198
17.0,0,34,-6.0,16756.0,42e8,1332ec8
17.0,0,35,-5.0,16657.0,4798,1315eb8
17.0,0,36,-4.0,16585.0,4c48,1300d38
17.0,0,37,-3.0,16510.0,50f8,12eada8
17.0,0,38,-2.0,16437.0,55a8,12d5778
17.0,0,39,-1.0,16367.0,5a58,12c0f58
17.0,0,40,0.0,16291.0,5f08,12aab18
17.0,0,41,1.0,16224.0,63b8,1297108
17.0,0,42,2.0,16044.0,6868,1262548
17.0,0,43,3.0,15849.0,6d18,1229338
17.0,0,44,4.0,15656.0,71c8,11f0a88
17.0,0,45,5.0,15458.0,7678,11b6a68
17.0,0,46,6.0,15287.0,7b28,11848d8
17.0,0,47,7.0,15114.0,7fd8,1151de8
17.0,0,48,8.0,14941.0,8488,111f2f8
17.0,0,49,9.0,14763.0,8938,10eb098
17.0,0,50,10.0,14585.0,8de8,10b6e38
17.0,0,51,11.0,14432.0,9298,108a108
17.0,0,52,12.0,14272.0,9748,105b308
17.0,0,53,13.0,14109.0,9bf8,102b6f8
17.0,0,54,14.0,13944.0,a0a8,ffb188
17.0,0,55,15.0,13777.0,a558,fca2b8
17.0,0,56,16.0,13622.0,aa08,f9cc28
17.0,0,57,16.0,13572.0,aa08,f8e1c8
18.0,0,0,-40.0,11913.0,ffffa388,da8138
18.0,0,1,-39.0,12111.0,ffffa838,de2158
18.0,0,2,-38.0,12309.0,fffface8,e1c178
18.0,0,3,-37.0,12503.0,ffffb198,e54ed8
18.0,0,4,-36.0,12701.0,ffffb648,e8eef8
18.0,0,5,-35.0,12900.0,ffffbaf8,ec93c8
18.0,0,6,-34.0,13100.0,ffffbfa8,f03d48
18.0,0,7,-33.0,13298.0,ffffc458,f3dd68
18.0,0,8,-32.0,13499.0,ffffc908,f78b98
18.0,0,9,-31.0,13701.0,ffffcdb8,fb3e78
18.0,0,10,-30.0,13902.0,ffffd268,feeca8
18.0,0,11,-29.0,14102.0,ffffd718,1029628
18.0,0,12,-28.0,14305.0,ffffdbc8,1064db8
18.0,0,13,-27.0,14509.0,ffffe078,10a09f8
18.0,0,14,-26.0,14712.0,ffffe528,10dc188
18.0,0,15,-25.0,14917.0,ffffe9d8,1118278
18.0,0,16,-24.0,15122.0,ffffee88,1154368
18.0,0,17,-23.0,15327.0,fffff338,1190458
18.0,0,18,-22.0,15529.0,fffff7e8,11cb738
18.0,0,19,-21.0,15731.0,fffffc98,1206a18
18.0,0,20,-20.0,15933.0,148,1241cf8
18.0,0,21,-19.0,16150.0,5f8,1281628
18.0,0,22,-18.0,16368.0,aa8,12c1408
18.0,0,23,-17.0,16589.0,f58,1301ff8
18.0,0,24,-16.0,16811.0,1408,1343098
18.0,0,25,-15.0,17033.0,18b8,1384138
18.0,0,26,-14.0,17255.0,1d68,13c51d8
18.0,0,27,-13.0,17409.0,2218,13f23b8
18.0,0,28,-12.0,17281.0,26c8,13ccbb8
18.0,0,29,-11.0,17157.0,2b78,13a8678
18.0,0,30,-10.0,17034.0,3028,13845e8
18.0,0,31,-9.0,16956.0,34d8,136d848
18.0,0,32,-8.0,16875.0,3988,1355c98
18.0,0,33,-7.0,16788.0,3e38,133c4c8
18.0,0,34,-6.0,16690.0,42e8,131f968
18.0,0,35,-5.0,16593.0,4798,13032b8
18.0,0,36,-4.0,16521.0,4c48,12ee138
18.0,0,37,-3.0,16450.0,50f8,12d9468
18.0,0,38,-2.0,16376.0,55a8,12c3988
18.0,0,39,-1.0,16300.0,5a58,12ad548
18.0,0,40,0.0,16225.0,5f08,12975b8
18.0,0,41,1.0,16099.0,63b8,1272718
18.0,0,42,2.0,15906.0,6868,1239e68
18.0,0,43,3.0,15708.0,6d18,11ffe48
18.0,0,44,4.0,15508.0,71c8,11c54c8
18.0,0,45,5.0,15307.0,7678,118a698
18.0,0,46,6.0,15131.0,7b28,1156d98
18.0,0,47,7.0,14961.0,7fd8,11250b8
18.0,0,48,8.0,14781.0,8488,10f04f8
18.0,0,49,9.0,14605.0,8938,10bcbf8
18.0,0,50,10.0,14419.0,8de8,1086418
18.0,0,51,11.0,14264.0,9298,1058d88
18.0,0,52,12.0,14100.0,9748,1028cc8
18.0,0,53,13.0,13935.0,9bf8,ff8758
18.0,0,54,14.0,13767.0,a0a8,fc73d8
18.0,0,55,14.0,13713.0,a0a8,fb76b8
19.0,0,0,-40.0,11961.0,ffffa388,db6238
19.0,0,1,-39.0,12157.0,ffffa838,def8f8
19.0,0,2,-38.0,12356.0,fffface8,e29dc8
19.0,0,3,-37.0,12552.0,ffffb198,e63488
19.0,0,4,-36.0,12751.0,ffffb648,e9d958
19.0,0,5,-35.0,12949.0,ffffbaf8,ed7978
19.0,0,6,-34.0,13151.0,ffffbfa8,f12c58
19.0,0,7,-33.0,13352.0,ffffc458,f4da88
19.0,0,8,-32.0,13552.0,ffffc908,f88408
19.0,0,9,-31.0,13756.0,ffffcdb8,fc4048
19.0,0,10,-30.0,13957.0,ffffd268,ffee78
19.0,0,11,-29.0,14158.0,ffffd718,1039ca8
19.0,0,12,-28.0,14364.0,ffffdbc8,1076248
19.0,0,13,-27.0,14565.0,ffffe078,10b1078
19.0,0,14,-26.0,14768.0,ffffe528,10ec808
19.0,0,15,-25.0,14975.0,ffffe9d8,1129258
19.0,0,16,-24.0,15181.0,ffffee88,11657f8
19.0,0,17,-23.0,15387.0,fffff338,11a1d98
19.0,0,18,-22.0,15590.0,fffff7e8,11dd528
19.0,0,19,-21.0,15793.0,fffffc98,1218cb8
19.0,0,20,-20.0,15998.0,148,1254da8
19.0,0,21,-19.0,16218.0,5f8,12954e8
19.0,0,22,-18.0,16439.0,aa8,12d60d8
19.0,0,23,-17.0,16663.0,f58,1317ad8
19.0,0,24,-16.0,16885.0,1408,1358b78
19.0,0,25,-15.0,17109.0,18b8,139a578
19.0,0,26,-14.0,17332.0,1d68,13dbac8
19.0,0,27,-13.0,17330.0,2218,13db168
19.0,0,28,-12.0,17209.0,26c8,13b7a38
19.0,0,29,-11.0,17093.0,2b78,1395a78
19.0,0,30,-10.0,16973.0,3028,13727f8
19.0,0,31,-9.0,16895.0,34d8,135ba58
19.0,0,32,-8.0,16805.0,3988,1341478
19.0,0,33,-7.0,16726.0,3e38,132a228
19.0,0,34,-6.0,16632.0,42e8,130e988
19.0,0,35,-5.0,16541.0,4798,12f3ef8
19.0,0,36,-4.0,16463.0,4c48,12dd158
19.0,0,37,-3.0,16392.0,50f8,12c8488
19.0,0,38,-2.0,16316.0,55a8,12b2048
19.0,0,39,-1.0,16239.0,5a58,129b758
19.0,0,40,0.0,16161.0,5f08,12849b8
19.0,0,41,1.0,15972.0,63b8,124d3c8
19.0,0,42,2.0,15775.0,6868,1213858
19.0,0,43,3.0,15574.0,6d18,11d8a28
19.0,0,44,4.0,15368.0,71c8,119c488
19.0,0,45,5.0,15162.0,7678,115fee8
19.0,0,46,6.0,14985.0,7b28,112c138
19.0,0,47,7.0,14813.0,7fd8,10f9af8
19.0,0,48,8.0,14631.0,8488,10c45d8
19.0,0,49,9.0,14448.0,8938,108ec08
19.0,0,50,10.0,14264.0,8de8,1058d88
19.0,0,51,11.0,14100.0,9298,1028cc8
19.0,0,52,12.0,13934.0,9748,ff82a8
19.0,0,53,12.0,13876.0,9748,fe72c8
20.0,0,0,-40.0,12009.0,ffffa388,dc4338
20.0,0,1,-39.0,12207.0,ffffa838,dfe358
20.0,0,2,-38.0,12404.0,fffface8,e37ec8
20.0,0,3,-37.0,12606.0,ffffb198,e731a8
20.0,0,4,-36.0,12803.0,ffffb648,eacd18
20.0,0,5,-35.0,13001.0,ffffbaf8,ee6d38
20.0,0,6,-34.0,13202.0,ffffbfa8,f21b68
20.0,0,7,-33.0,13405.0,ffffc458,f5d2f8
20.0,0,8,-32.0,13606.0,ffffc908,f98128
20.0,0,9,-31.0,13811.0,ffffcdb8,fd4218
20.0,0,10,-30.0,14011.0,ffffd268,100eb98
20.0,0,11,-29.0,14216.0,ffffd718,104ac88
20.0,0,12,-28.0,14423.0,ffffdbc8,10876d8
20.0,0,13,-27.0,14629.0,ffffe078,10c3c78
20.0,0,14,-26.0,14838.0,ffffe528,1101028
20.0,0,15,-25.0,15046.0,ffffe9d8,113df28
20.0,0,16,-24.0,15254.0,ffffee88,117ae28
20.0,0,17,-23.0,15459.0,fffff338,11b6f18
20.0,0,18,-22.0,15664.0,fffff7e8,11f3008
20.0,0,19,-21.0,15868.0,fffffc98,122ec48
20.0,0,20,-20.0,16073.0,148,126ad38
20.0,0,21,-19.0,16294.0,5f8,12ab928
20.0,0,22,-18.0,16518.0,aa8,12ed328
20.0,0,23,-17.0,16741.0,f58,132e878
20.0,0,24,-16.0,16964.0,1408,136fdc8
20.0,0,25,-15.0,17188.0,18b8,13b17c8
20.0,0,26,-14.0,17347.0,1d68,13e0118
20.0,0,27,-13.0,17231.0,2218,13be158
20.0,0,28,-12.0,17125.0,26c8,139f078
20.0,0,29,-11.0,17014.0,2b78,137e828
20.0,0,30,-10.0,16909.0,3028,135fbf8
20.0,0,31,-9.0,16801.0,34d8,13401b8
20.0,0,32,-8.0,16715.0,3988,1326e98
20.0,0,33,-7.0,16640.0,3e38,1310f08
20.0,0,34,-6.0,16566.0,42e8,12fb428
20.0,0,35,-5.0,16487.0,4798,12e41d8
20.0,0,36,-4.0,16413.0,4c48,12ce6f8
20.0,0,37,-3.0,16333.0,50f8,12b6ff8
20.0,0,38,-2.0,16257.0,55a8,12a0bb8
20.0,0,39,-1.0,16185.0,5a58,128ba38
20.0,0,40,0.0,16049.0,5f08,1263cb8
20.0,0,41,1.0,15834.0,63b8,1224ce8
20.0,0,42,2.0,15629.0,6868,11e8bf8
20.0,0,43,3.0,15422.0,6d18,11ac1a8
20.0,0,44,4.0,15223.0,71c8,1171cd8
20.0,0,45,5.0,15027.0,7678,1138618
20.0,0,46,6.0,14840.0,7b28,1101988
20.0,0,47,7.0,14655.0,7fd8,10cb658
20.0,0,48,8.0,14476.0,8488,1096f48
20.0,0,49,9.0,14296.0,8938,1062388
20.0,0,50,10.0,14107.0,8de8,102ad98
20.0,0,51,10.0,14045.0,8de8,1018af8
